Speed,Steering,HR,Hour,Minute,Second,Millisecond,Flag,,,,
100,0,90,0,4,45,600,,,,,
100,0,90,0,4,45,700,,,,,
100,0,90,0,4,45,800,,,,,
100,0,90,0,4,45,900,,,,,100
100,0,90,0,4,46,0,,,,,
100,0,90,0,4,46,100,,,,,
100,0,90,0,4,46,200,,,,,
100,0,90,0,4,46,300,,,,,
100,0,90,0,4,46,400,,,,,
100,0,90,0,4,46,500,,,,,
100,0,90,0,4,46,600,,,,,
100,0,90,0,4,46,700,,,,,
100,0,90,0,4,46,800,,,,,
100,0,90,0,4,46,900,,,,,
100,0,90,0,4,47,0,,,,,
100,0,90,0,4,47,100,,,,,
100,0,90,0,4,47,200,,,,,
100,0,90,0,4,47,300,,,,,
100,0,90,0,4,47,400,,,,,
100,0,90,0,4,47,500,,,,,
100,0,90,0,4,47,600,,,,,
100,0,90,0,4,47,700,,,,,
100,0,90,0,4,47,800,,,,,
100,0,90,0,4,47,900,,,,,
100,0,90,0,4,48,0,,,,,
100,0,90,0,4,48,100,,,,,
100,0,90,0,4,48,200,,,,,
100,0,90,0,4,48,300,,,,,
100,0,90,0,4,48,400,,,,,
100,0,90,0,4,48,500,,,,,
100,0,90,0,4,48,600,,,,,
100,0,90,0,4,48,700,,,,,
100,0,90,0,4,48,800,,,,,
100,0,90,0,4,48,900,,,,,
100,0,90,0,4,49,0,,,,,
100,0,90,0,4,49,100,,,,,
100,0,90,0,4,49,200,,,,,
100,0,90,0,4,49,300,,,,,
100,0,90,0,4,49,400,,,,,
100,0,90,0,4,49,500,,,,,
100,0,90,0,4,49,600,,,,,
100,0,90,0,4,49,700,,,,,
100,0,90,0,4,49,800,,,,,
100,0,90,0,4,49,900,,,,,
100,0,90,0,4,50,0,,,,,
100,0,90,0,4,50,100,,,,,
100,0,90,0,4,50,200,,,,,
100,0,90,0,4,50,300,,,,,
100,0,90,0,4,50,400,,,,,
100,0,90,0,4,50,500,,,,,
100,0,90,0,4,50,600,,,,,
100,0,90,0,4,50,700,,,,,
100,0,90,0,4,50,800,,,,,
100,0,90,0,4,50,900,,,,,
100,0,90,0,4,51,0,,,,,
100,0,90,0,4,51,100,,,,,
100,0,90,0,4,51,200,,,,,
100,0,90,0,4,51,300,,,,,
100,0,90,0,4,51,400,,,,,
100,0,90,0,4,51,500,,,,,
100,0,90,0,4,51,600,,,,,
100,0,90,0,4,51,700,,,,,
100,0,90,0,4,51,800,,,,,
100,0,90,0,4,51,900,,,,,
100,0,90,0,4,52,0,,,,,
100,0,90,0,4,52,100,,,,,
100,0,90,0,4,52,200,,,,,
100,0,90,0,4,52,300,,,,,
100,0,90,0,4,52,400,,,,,
100,0,90,0,4,52,500,,,,,
100,0,90,0,4,52,600,,,,,
100,0,90,0,4,52,700,,,,,
100,0,90,0,4,52,800,,,,,
100,0,90,0,4,52,900,,,,,
100,0,90,0,4,53,0,,,,,
100,0,90,0,4,53,100,,,,,
100,0,90,0,4,53,200,,,,,
100,0,90,0,4,53,300,,,,,
100,0,90,0,4,53,400,,,,,
100,0,90,0,4,53,500,,,,,
100,0,90,0,4,53,600,,,,,
100,0,90,0,4,53,700,,,,,
100,0,90,0,4,53,800,,,,,
100,0,90,0,4,53,900,,,,,
100,0,90,0,4,54,0,,,,,
100,0,90,0,4,54,100,,,,,
100,0,90,0,4,54,200,,,,,
100,0,90,0,4,54,300,,,,,
100,0,90,0,4,54,400,,,,,
100,0,90,0,4,54,500,,,,,
100,0,90,0,4,54,600,,,,,
100,0,90,0,4,54,700,,,,,
100,0,90,0,4,54,800,,,,,
100,0,90,0,4,54,900,,,,,
100,0,90,0,4,55,0,,,,,
100,0,90,0,4,55,100,,,,,
100,0,90,0,4,55,200,,,,,
100,0,90,0,4,55,300,,,,,
100,0,90,0,4,55,400,,,,,
100,0,90,0,4,55,500,,,,,
100,0,90,0,4,55,600,,,,,
100,0,90,0,4,55,700,,,,,
100,0,90,0,4,55,800,,,,,
100,0,90,0,4,55,900,,,,,
100,0,90,0,4,56,0,,,,,
100,0,90,0,4,56,100,,,,,
100,0,90,0,4,56,200,,,,,
100,0,90,0,4,56,300,,,,,
100,0,90,0,4,56,400,,,,,
100,0,90,0,4,56,500,,,,,
100,0,90,0,4,56,600,,,,,
100,0,90,0,4,56,700,,,,,
100,0,90,0,4,56,800,,,,,
100,0,90,0,4,56,900,,,,,
100,0,90,0,4,57,0,,,,,
100,0,90,0,4,57,100,,,,,
100,0,90,0,4,57,200,,,,,
100,0,90,0,4,57,300,,,,,
100,0,90,0,4,57,400,,,,,
100,0,90,0,4,57,500,,,,,
100,0,90,0,4,57,600,,,,,
100,0,90,0,4,57,700,,,,,
100,0,90,0,4,57,800,,,,,
100,0,90,0,4,57,900,,,,,
100,0,90,0,4,58,0,,,,,
100,0,90,0,4,58,100,,,,,
100,0,90,0,4,58,200,,,,,
100,0,90,0,4,58,300,,,,,
100,0,90,0,4,58,400,,,,,
100,0,90,0,4,58,500,,,,,
100,0,90,0,4,58,600,,,,,
100,0,90,0,4,58,700,,,,,
100,0,90,0,4,58,800,,,,,
100,0,90,0,4,58,900,,,,,
100,0,90,0,4,59,0,,,,,
100,0,90,0,4,59,100,,,,,
100,0,90,0,4,59,200,,,,,
100,0,90,0,4,59,300,,,,,
100,0,90,0,4,59,400,,,,,
100,0,90,0,4,59,500,,,,,
100,0,90,0,4,59,600,,,,,
100,0,90,0,4,59,700,,,,,
100,0,90,0,4,59,800,,,,,
100,0,90,0,4,59,900,,,,,
90,0,90,0,5,0,0,,,,,
80,0,90,0,5,0,100,,,,,
70,0,90,0,5,0,200,,,,,
60,0,90,0,5,0,300,,,,,
55,0,90,0,5,0,400,,,,,
50,0,90,0,5,0,500,,,,,
45,0,90,0,5,0,600,,,,,
44,0,90,0,5,0,700,,,,,
43,0,90,0,5,0,800,,,,,
42,0,90,0,5,0,900,,,,,
41,0,90,0,5,1,0,,,,,
40,0,90,0,5,1,100,,,,,
39,0,90,0,5,1,200,,,,,
38,0,90,0,5,1,300,,,,,
37,0,90,0,5,1,400,,,,,
36,0,90,0,5,1,500,,,,,
35,0,90,0,5,1,600,,,,,
34,0,90,0,5,1,700,,,,,
33,0,90,0,5,1,800,,,,,
32,0,90,0,5,1,900,,,,,
31,0,90,0,5,2,0,,,,,
30,0,90,0,5,2,100,,,,,
29,0,90,0,5,2,200,,,,,
28,0,90,0,5,2,300,,,,,
27,0,90,0,5,2,400,,,,,
26,0,90,0,5,2,500,,,,,
25,0,90,0,5,2,600,,,,,
24,0,90,0,5,2,700,,,,,
23,0,90,0,5,2,800,,,,,
22,0,90,0,5,2,900,,,,,
21,0,90,0,5,3,0,,,,,
20,0,90,0,5,3,100,,,,,
19,0,90,0,5,3,200,,,,,
18,0,90,0,5,3,300,,,,,
17,0,90,0,5,3,400,,,,,
16,0,90,0,5,3,500,,,,,
15,0,90,0,5,3,600,,,,,
14,0,90,0,5,3,700,,,,,
13,0,90,0,5,3,800,,,,,
12,0,90,0,5,3,900,,,,,
11,0,90,0,5,4,0,,,,,
10,0,90,0,5,4,100,,,,,
9,0,90,0,5,4,200,,,,,
8,0,90,0,5,4,300,,,,,
7,0,90,0,5,4,400,,,,,
6,0,90,0,5,4,500,,,,,
5,0,90,0,5,4,600,,,,,
4,0,90,0,5,4,700,,,,,
3,0,90,0,5,4,800,,,,,
2,0,90,0,5,4,900,,,,,
1,0,90,0,5,5,0,,,,,
0,0,90,0,5,5,100,,,,,
0,0,90,0,5,5,200,,,,,
0,0,90,0,5,5,300,,,,,
0,0,90,0,5,5,400,,,,,
0,0,90,0,5,5,500,,,,,
0,0,90,0,5,5,600,,,,,
0,0,90,0,5,5,700,,,,,
0,0,90,0,5,5,800,,,,,
0,0,90,0,5,5,900,,,,,
0,0,90,0,5,6,0,,,,,
0,0,90,0,5,6,100,,,,,
0,0,90,0,5,6,200,,,,,
0,0,90,0,5,6,300,,,,,
0,0,90,0,5,6,400,,,,,
0,0,90,0,5,6,500,,,,,
0,0,90,0,5,6,600,,,,,
0,0,90,0,5,6,700,,,,,
0,0,90,0,5,6,800,,,,,
0,0,90,0,5,6,900,,,,,
0,0,90,0,5,7,0,,,,,
0,0,90,0,5,7,100,,,,,
0,0,90,0,5,7,200,,,,,
0,0,90,0,5,7,300,,,,,
0,0,90,0,5,7,400,,,,,
0,0,90,0,5,7,500,,,,,
0,0,90,0,5,7,600,,,,,
0,0,90,0,5,7,700,,,,,
0,0,90,0,5,7,800,,,,,
0,0,90,0,5,7,900,,,,,
0,0,90,0,5,8,0,,,,,
0,0,90,0,5,8,100,,,,,
0,0,90,0,5,8,200,,,,,
0,0,90,0,5,8,300,,,,,
0,0,90,0,5,8,400,,,,,
0,0,90,0,5,8,500,,,,,
0,0,90,0,5,8,600,,,,,
0,0,90,0,5,8,700,,,,,
0,0,90,0,5,8,800,,,,,
0,0,90,0,5,8,900,,,,,
0,0,90,0,5,9,0,,,,,
0,0,90,0,5,9,100,,,,,
0,0,90,0,5,9,200,,,,,
0,0,90,0,5,9,300,,,,,
0,0,90,0,5,9,400,,,,,
0,0,90,0,5,9,500,,,,,
0,0,90,0,5,9,600,,,,,
0,0,90,0,5,9,700,,,,,
0,0,90,0,5,9,800,,,,,
0,0,90,0,5,9,900,,,,,
0,0,90,0,5,10,0,,,,,
0,0,90,0,5,10,100,,,,,
0,0,90,0,5,10,200,,,,,
0,0,90,0,5,10,300,,,,,
0,0,90,0,5,10,400,,,,,
0,0,90,0,5,10,500,,,,,
0,0,90,0,5,10,600,,,,,
0,0,90,0,5,10,700,,,,,
0,0,90,0,5,10,800,,,,,
0,0,90,0,5,10,900,,,,,
0,0,90,0,5,11,0,,,,,
0,0,90,0,5,11,100,,,,,
0,0,90,0,5,11,200,,,,,
0,0,90,0,5,11,300,,,,,
0,0,90,0,5,11,400,,,,,
0,0,90,0,5,11,500,,,,,
0,0,90,0,5,11,600,,,,,
0,0,90,0,5,11,700,,,,,
0,0,90,0,5,11,800,,,,,
0,0,90,0,5,11,900,,,,,
0,0,90,0,5,12,0,,,,,
0,0,90,0,5,12,100,,,,,
0,0,90,0,5,12,200,,,,,
0,0,90,0,5,12,300,,,,,
0,0,90,0,5,12,400,,,,,
0,0,90,0,5,12,500,,,,,
0,0,90,0,5,12,600,,,,,
0,0,90,0,5,12,700,,,,,
0,0,90,0,5,12,800,,,,,
0,0,90,0,5,12,900,,,,,
0,0,90,0,5,13,0,,,,,
0,0,90,0,5,13,100,,,,,
0,0,90,0,5,13,200,,,,,
0,0,90,0,5,13,300,,,,,
0,0,90,0,5,13,400,,,,,
0,0,90,0,5,13,500,,,,,
0,0,90,0,5,13,600,,,,,
0,0,90,0,5,13,700,,,,,
0,0,90,0,5,13,800,,,,,
0,0,90,0,5,13,900,,,,,
0,0,90,0,5,14,0,,,,,
0,0,90,0,5,14,100,,,,,
0,0,90,0,5,14,200,,,,,
0,0,90,0,5,14,300,,,,,
0,0,90,0,5,14,400,,,,,
0,0,90,0,5,14,500,,,,,
0,0,90,0,5,14,600,,,,,
0,0,90,0,5,14,700,,,,,
0,0,90,0,5,14,800,,,,,
0,0,90,0,5,14,900,,,,,
0,0,90,0,5,15,0,,,,,
0,0,90,0,5,15,100,,,,,
0,0,90,0,5,15,200,,,,,
0,0,90,0,5,15,300,,,,,
0,0,90,0,5,15,400,,,,,
0,0,90,0,5,15,500,,,,,
0,0,90,0,5,15,600,,,,,
0,0,90,0,5,15,700,,,,,
0,0,90,0,5,15,800,,,,,
0,0,90,0,5,15,900,,,,,
0,0,90,0,5,16,0,,,,,
0,0,90,0,5,16,100,,,,,
0,0,90,0,5,16,200,,,,,
0,0,90,0,5,16,300,,,,,
0,0,90,0,5,16,400,,,,,
0,0,90,0,5,16,500,,,,,
0,0,90,0,5,16,600,,,,,
0,0,90,0,5,16,700,,,,,
0,0,90,0,5,16,800,,,,,
0,0,90,0,5,16,900,,,,,
0,0,90,0,5,17,0,,,,,
0,0,90,0,5,17,100,,,,,
0,0,90,0,5,17,200,,,,,
0,0,90,0,5,17,300,,,,,
0,0,90,0,5,17,400,,,,,
0,0,90,0,5,17,500,,,,,
0,0,90,0,5,17,600,,,,,
0,0,90,0,5,17,700,,,,,
0,0,90,0,5,17,800,,,,,
0,0,90,0,5,17,900,,,,,
0,0,90,0,5,18,0,,,,,
0,0,90,0,5,18,100,,,,,
0,0,90,0,5,18,200,,,,,
0,0,90,0,5,18,300,,,,,
0,0,90,0,5,18,400,,,,,
0,0,90,0,5,18,500,,,,,
0,0,90,0,5,18,600,,,,,
0,0,90,0,5,18,700,,,,,
0,0,90,0,5,18,800,,,,,
0,0,90,0,5,18,900,,,,,
0,0,90,0,5,19,0,,,,,
0,0,90,0,5,19,100,,,,,
0,0,90,0,5,19,200,,,,,
0,0,90,0,5,19,300,,,,,
0,0,90,0,5,19,400,,,,,
0,0,90,0,5,19,500,,,,,
0,0,90,0,5,19,600,,,,,
0,0,90,0,5,19,700,,,,,
0,0,90,0,5,19,800,,,,,
0,0,90,0,5,19,900,,,,,
0,0,90,0,5,20,0,,,,,
0,0,90,0,5,20,100,,,,,
0,0,90,0,5,20,200,,,,,
0,0,90,0,5,20,300,,,,,
0,0,90,0,5,20,400,,,,,
0,0,90,0,5,20,500,,,,,
0,0,90,0,5,20,600,,,,,
0,0,90,0,5,20,700,,,,,
0,0,90,0,5,20,800,,,,,
0,0,90,0,5,20,900,,,,,
0,0,90,0,5,21,0,,,,,
0,0,90,0,5,21,100,,,,,
0,0,90,0,5,21,200,,,,,
0,0,90,0,5,21,300,,,,,
0,0,90,0,5,21,400,,,,,
0,0,90,0,5,21,500,,,,,
0,0,90,0,5,21,600,,,,,
0,0,90,0,5,21,700,,,,,
0,0,90,0,5,21,800,,,,,
0,0,90,0,5,21,900,,,,,
0,0,90,0,5,22,0,,,,,
0,0,90,0,5,22,100,,,,,
0,0,90,0,5,22,200,,,,,
0,0,90,0,5,22,300,,,,,
0,0,90,0,5,22,400,,,,,
0,0,90,0,5,22,500,,,,,
0,0,90,0,5,22,600,,,,,
0,0,90,0,5,22,700,,,,,
0,0,90,0,5,22,800,,,,,
0,0,90,0,5,22,900,,,,,
0,0,90,0,5,23,0,,,,,
0,0,90,0,5,23,100,,,,,
0,0,90,0,5,23,200,,,,,
0,0,90,0,5,23,300,,,,,
0,0,90,0,5,23,400,,,,,
0,0,90,0,5,23,500,,,,,
0,0,90,0,5,23,600,,,,,
0,0,90,0,5,23,700,,,,,
0,0,90,0,5,23,800,,,,,
0,0,90,0,5,23,900,,,,,
0,0,90,0,5,24,0,,,,,
0,0,90,0,5,24,100,,,,,
0,0,90,0,5,24,200,,,,,
0,0,90,0,5,24,300,,,,,
0,0,90,0,5,24,400,,,,,
0,0,90,0,5,24,500,,,,,
0,0,90,0,5,24,600,,,,,
0,0,90,0,5,24,700,,,,,
0,0,90,0,5,24,800,,,,,
0,0,90,0,5,24,900,,,,,
0,0,90,0,5,25,0,,,,,
0,0,90,0,5,25,100,,,,,
0,0,90,0,5,25,200,,,,,
0,0,90,0,5,25,300,,,,,
0,0,90,0,5,25,400,,,,,
0,0,90,0,5,25,500,,,,,
0,0,90,0,5,25,600,,,,,
0,0,90,0,5,25,700,,,,,
0,0,90,0,5,25,800,,,,,
0,0,90,0,5,25,900,,,,,
0,0,90,0,5,26,0,,,,,
0,0,90,0,5,26,100,,,,,
0,0,90,0,5,26,200,,,,,
0,0,90,0,5,26,300,,,,,
0,0,127,0,5,26,400,,,,,
0,0,127,0,5,26,500,,,,,
0,0,127,0,5,26,600,,,,,
0,0,127,0,5,26,700,,,,,
0,0,127,0,5,26,800,,,,,
0,0,127,0,5,26,900,,,,,
0,0,127,0,5,27,0,,,,,
0,0,127,0,5,27,100,,,,,
0,0,127,0,5,27,200,,,,,
0,0,127,0,5,27,300,,,,,
0,0,127,0,5,27,400,,,,,
0,0,127,0,5,27,500,,,,,
0,0,127,0,5,27,600,,,,,
0,0,127,0,5,27,700,,,,,
0,0,127,0,5,27,800,,,,,
0,0,127,0,5,27,900,,,,,
0,0,127,0,5,28,0,,,,,
0,0,127,0,5,28,100,,,,,
0,0,127,0,5,28,200,,,,,
0,0,127,0,5,28,300,,,,,
0,0,127,0,5,28,400,,,,,
0,0,127,0,5,28,500,,,,,
0,0,127,0,5,28,600,,,,,
0,0,126,0,5,28,700,,,,,
0,0,126,0,5,28,800,,,,,
0,0,126,0,5,28,900,,,,,
0,0,126,0,5,29,0,,,,,
0,0,126,0,5,29,100,,,,,
0,0,126,0,5,29,200,,,,,
0,0,126,0,5,29,300,,,,,
0,0,126,0,5,29,400,,,,,
0,0,126,0,5,29,500,,,,,
0,0,126,0,5,29,600,,,,,
0,0,126,0,5,29,700,,,,,
0,0,126,0,5,29,800,,,,,
0,0,126,0,5,29,900,,,,,
0,0,126,0,5,30,0,,,,,
0,0,126,0,5,30,100,,,,,
0,0,126,0,5,30,200,,,,,
0,0,126,0,5,30,300,,,,,
0,0,126,0,5,30,400,,,,,
0,0,126,0,5,30,500,,,,,
0,0,126,0,5,30,600,,,,,
0,0,126,0,5,30,700,,,,,
0,0,126,0,5,30,800,,,,,
0,0,126,0,5,30,900,,,,,
0,0,126,0,5,31,0,,,,,
0,0,126,0,5,31,100,,,,,
0,0,126,0,5,31,200,,,,,
0,0,126,0,5,31,300,,,,,
0,0,126,0,5,31,400,,,,,
0,0,126,0,5,31,500,,,,,
0,0,126,0,5,31,600,,,,,
0,0,126,0,5,31,700,,,,,
0,0,126,0,5,31,800,,,,,
0,0,126,0,5,31,900,,,,,
0,0,126,0,5,32,0,,,,,
0,0,126,0,5,32,100,,,,,
0,0,126,0,5,32,200,,,,,
0,0,126,0,5,32,300,,,,,
0,0,126,0,5,32,400,,,,,
0,0,126,0,5,32,500,,,,,
0,0,126,0,5,32,600,,,,,
0,0,126,0,5,32,700,,,,,
0,0,126,0,5,32,800,,,,,
0,0,126,0,5,32,900,,,,,
0,0,126,0,5,33,0,,,,,
0,0,126,0,5,33,100,,,,,
0,0,126,0,5,33,200,,,,,
0,0,126,0,5,33,300,,,,,
0,0,126,0,5,33,400,,,,,
0,0,126,0,5,33,500,,,,,
0,0,126,0,5,33,600,,,,,
0,0,126,0,5,33,700,,,,,
0,0,126,0,5,33,800,,,,,
0,0,126,0,5,33,900,,,,,
0,0,126,0,5,34,0,,,,,
0,0,126,0,5,34,100,,,,,
0,0,126,0,5,34,200,,,,,
0,0,126,0,5,34,300,,,,,
0,0,126,0,5,34,400,,,,,
0,0,126,0,5,34,500,,,,,
0,0,126,0,5,34,600,,,,,
0,0,126,0,5,34,700,,,,,
0,0,126,0,5,34,800,,,,,
0,0,126,0,5,34,900,,,,,
0,0,126,0,5,35,0,,,,,
0,0,126,0,5,35,100,,,,,
0,0,126,0,5,35,200,,,,,
0,0,126,0,5,35,300,,,,,
0,0,126,0,5,35,400,,,,,
0,0,126,0,5,35,500,,,,,
0,0,126,0,5,35,600,,,,,
0,0,126,0,5,35,700,,,,,
0,0,126,0,5,35,800,,,,,
0,0,126,0,5,35,900,,,,,
0,0,126,0,5,36,0,,,,,
0,0,126,0,5,36,100,,,,,
0,0,126,0,5,36,200,,,,,
0,0,126,0,5,36,300,,,,,
0,0,126,0,5,36,400,,,,,
0,0,126,0,5,36,500,,,,,
0,0,126,0,5,36,600,,,,,
0,0,126,0,5,36,700,,,,,
0,0,126,0,5,36,800,,,,,
0,0,126,0,5,36,900,,,,,
0,0,126,0,5,37,0,,,,,
0,0,126,0,5,37,100,,,,,
0,0,126,0,5,37,200,,,,,
0,0,126,0,5,37,300,,,,,
0,0,126,0,5,37,400,,,,,
0,0,126,0,5,37,500,,,,,
0,0,126,0,5,37,600,,,,,
0,0,126,0,5,37,700,,,,,
0,0,126,0,5,37,800,,,,,
0,0,126,0,5,37,900,,,,,
0,0,126,0,5,38,0,,,,,
0,0,126,0,5,38,100,,,,,
0,0,126,0,5,38,200,,,,,
0,0,126,0,5,38,300,,,,,
0,0,126,0,5,38,400,,,,,
0,0,126,0,5,38,500,,,,,
0,0,126,0,5,38,600,,,,,
0,0,126,0,5,38,700,,,,,
0,0,126,0,5,38,800,,,,,
0,0,126,0,5,38,900,,,,,
0,0,126,0,5,39,0,,,,,
0,0,126,0,5,39,100,,,,,
0,0,126,0,5,39,200,,,,,
0,0,126,0,5,39,300,,,,,
0,0,126,0,5,39,400,,,,,
0,0,126,0,5,39,500,,,,,
0,0,126,0,5,39,600,,,,,
0,0,126,0,5,39,700,,,,,
0,0,126,0,5,39,800,,,,,
0,0,126,0,5,39,900,,,,,
0,0,126,0,5,40,0,,,,,
0,0,126,0,5,40,100,,,,,
0,0,126,0,5,40,200,,,,,
0,0,126,0,5,40,300,,,,,
0,0,126,0,5,40,400,,,,,
0,0,126,0,5,40,500,,,,,
0,0,126,0,5,40,600,,,,,
0,0,126,0,5,40,700,,,,,
0,0,126,0,5,40,800,,,,,
0,0,126,0,5,40,900,,,,,
0,0,126,0,5,41,0,,,,,
0,0,126,0,5,41,100,,,,,
0,0,126,0,5,41,200,,,,,
0,0,126,0,5,41,300,,,,,
0,0,126,0,5,41,400,,,,,
0,0,126,0,5,41,500,,,,,
0,0,126,0,5,41,600,,,,,
0,0,126,0,5,41,700,,,,,
0,0,126,0,5,41,800,,,,,
0,0,126,0,5,41,900,,,,,
0,0,126,0,5,42,0,,,,,
0,0,126,0,5,42,100,,,,,
0,0,126,0,5,42,200,,,,,
0,0,126,0,5,42,300,,,,,
0,0,126,0,5,42,400,,,,,
0,0,126,0,5,42,500,,,,,
0,0,126,0,5,42,600,,,,,
0,0,126,0,5,42,700,,,,,
0,0,126,0,5,42,800,,,,,
0,0,126,0,5,42,900,,,,,
0,0,126,0,5,43,0,,,,,
0,0,126,0,5,43,100,,,,,
0,0,126,0,5,43,200,,,,,
0,0,126,0,5,43,300,,,,,
0,0,126,0,5,43,400,,,,,
0,0,126,0,5,43,500,,,,,
0,0,126,0,5,43,600,,,,,
0,0,126,0,5,43,700,,,,,
0,0,126,0,5,43,800,,,,,
0,0,126,0,5,43,900,,,,,
0,0,126,0,5,44,0,,,,,
0,0,126,0,5,44,100,,,,,
0,0,126,0,5,44,200,,,,,
0,0,126,0,5,44,300,,,,,
0,0,126,0,5,44,400,,,,,
0,0,126,0,5,44,500,,,,,
0,0,126,0,5,44,600,,,,,
0,0,126,0,5,44,700,,,,,
0,0,126,0,5,44,800,,,,,
0,0,126,0,5,44,900,,,,,
0,0,126,0,5,45,0,,,,,
0,0,126,0,5,45,100,,,,,
0,0,126,0,5,45,200,,,,,
0,0,126,0,5,45,300,,,,,
0,0,126,0,5,45,400,,,,,
0,0,126,0,5,45,500,,,,,
0,0,126,0,5,45,600,,,,,
0,0,126,0,5,45,700,,,,,
0,0,126,0,5,45,800,,,,,
0,0,126,0,5,45,900,,,,,
0,0,126,0,5,46,0,,,,,
0,0,126,0,5,46,100,,,,,
0,0,126,0,5,46,200,,,,,
0,0,126,0,5,46,300,,,,,
0,0,126,0,5,46,400,,,,,
0,0,126,0,5,46,500,,,,,
0,0,126,0,5,46,600,,,,,
0,0,126,0,5,46,700,,,,,
0,0,126,0,5,46,800,,,,,
0,0,126,0,5,46,900,,,,,
0,0,126,0,5,47,0,,,,,
0,0,126,0,5,47,100,,,,,
0,0,126,0,5,47,200,,,,,
0,0,126,0,5,47,300,,,,,
0,0,126,0,5,47,400,,,,,
0,0,126,0,5,47,500,,,,,
0,0,126,0,5,47,600,,,,,
0,0,126,0,5,47,700,,,,,
0,0,126,0,5,47,800,,,,,
0,0,126,0,5,47,900,,,,,
0,0,126,0,5,48,0,,,,,
0,0,126,0,5,48,100,,,,,
0,0,126,0,5,48,200,,,,,
0,0,126,0,5,48,300,,,,,
0,0,126,0,5,48,400,,,,,
0,0,126,0,5,48,500,,,,,
0,0,126,0,5,48,600,,,,,
0,0,126,0,5,48,700,,,,,
0,0,126,0,5,48,800,,,,,
0,0,126,0,5,48,900,,,,,
0,0,126,0,5,49,0,,,,,
0,0,126,0,5,49,100,,,,,
0,0,126,0,5,49,200,,,,,
0,0,126,0,5,49,300,,,,,
0,0,126,0,5,49,400,,,,,
0,0,126,0,5,49,500,,,,,
0,0,126,0,5,49,600,,,,,
0,0,126,0,5,49,700,,,,,
0,0,126,0,5,49,800,,,,,
0,0,126,0,5,49,900,,,,,
0,0,126,0,5,50,0,,,,,
0,0,126,0,5,50,100,,,,,
0,0,126,0,5,50,200,,,,,
0,0,126,0,5,50,300,,,,,
0,0,126,0,5,50,400,,,,,
0,0,126,0,5,50,500,,,,,
0,0,126,0,5,50,600,,,,,
0,0,126,0,5,50,700,,,,,
0,0,126,0,5,50,800,,,,,
0,0,126,0,5,50,900,,,,,
0,0,126,0,5,51,0,,,,,
0,0,126,0,5,51,100,,,,,
0,0,126,0,5,51,200,,,,,
0,0,126,0,5,51,300,,,,,
0,0,126,0,5,51,400,,,,,
0,0,126,0,5,51,500,,,,,
0,0,126,0,5,51,600,,,,,
0,0,126,0,5,51,700,,,,,
0,0,126,0,5,51,800,,,,,
0,0,126,0,5,51,900,,,,,
0,0,126,0,5,52,0,,,,,
0,0,126,0,5,52,100,,,,,
0,0,126,0,5,52,200,,,,,
0,0,126,0,5,52,300,,,,,
0,0,126,0,5,52,400,,,,,
0,0,126,0,5,52,500,,,,,
0,0,126,0,5,52,600,,,,,
0,0,126,0,5,52,700,,,,,
0,0,126,0,5,52,800,,,,,
0,0,126,0,5,52,900,,,,,
0,0,126,0,5,53,0,,,,,
0,0,126,0,5,53,100,,,,,
0,0,126,0,5,53,200,,,,,
0,0,126,0,5,53,300,,,,,
0,0,126,0,5,53,400,,,,,
0,0,126,0,5,53,500,,,,,
0,0,126,0,5,53,600,,,,,
0,0,126,0,5,53,700,,,,,
0,0,126,0,5,53,800,,,,,
0,0,126,0,5,53,900,,,,,
0,0,85,0,5,54,0,,,,,
0,0,85,0,5,54,100,,,,,
0,0,85,0,5,54,200,,,,,
0,0,85,0,5,54,300,,,,,
0,0,85,0,5,54,400,,,,,
0,0,85,0,5,54,500,,,,,
0,0,85,0,5,54,600,,,,,
0,0,85,0,5,54,700,,,,,
0,0,85,0,5,54,800,,,,,
0,0,85,0,5,54,900,,,,,
0,0,85,0,5,55,0,,,,,
0,0,85,0,5,55,100,,,,,
0,0,85,0,5,55,200,,,,,
0,0,85,0,5,55,300,,,,,
0,0,85,0,5,55,400,,,,,
0,0,85,0,5,55,500,,,,,
0,0,85,0,5,55,600,,,,,
0,0,85,0,5,55,700,,,,,
0,0,85,0,5,55,800,,,,,
0,0,85,0,5,55,900,,,,,
0,0,85,0,5,56,0,,,,,
0,0,85,0,5,56,100,,,,,
0,0,85,0,5,56,200,,,,,
0,0,85,0,5,56,300,,,,,
0,0,85,0,5,56,400,,,,,
0,0,85,0,5,56,500,,,,,
0,0,85,0,5,56,600,,,,,
0,0,85,0,5,56,700,,,,,
0,0,85,0,5,56,800,,,,,
0,0,85,0,5,56,900,,,,,
0,0,85,0,5,57,0,,,,,
0,0,85,0,5,57,100,,,,,
0,0,85,0,5,57,200,,,,,
0,0,85,0,5,57,300,,,,,
0,0,85,0,5,57,400,,,,,
0,0,85,0,5,57,500,,,,,
0,0,85,0,5,57,600,,,,,
0,0,85,0,5,57,700,,,,,
0,0,85,0,5,57,800,,,,,
0,0,85,0,5,57,900,,,,,
0,0,85,0,5,58,0,,,,,
0,0,85,0,5,58,100,,,,,
0,0,85,0,5,58,200,,,,,
0,0,85,0,5,58,300,,,,,
0,0,85,0,5,58,400,,,,,
0,0,85,0,5,58,500,,,,,
0,0,85,0,5,58,600,,,,,
0,0,85,0,5,58,700,,,,,
0,0,85,0,5,58,800,,,,,
0,0,85,0,5,58,900,,,,,
0,0,85,0,5,59,0,,,,,
0,0,85,0,5,59,100,,,,,
0,0,85,0,5,59,200,,,,,
0,0,85,0,5,59,300,,,,,
0,0,85,0,5,59,400,,,,,
0,0,85,0,5,59,500,,,,,
0,0,85,0,5,59,600,,,,,
0,0,85,0,5,59,700,,,,,
0,0,85,0,5,59,800,,,,,
0,0,85,0,5,59,900,,,,,
0,0,83,0,6,0,0,,,,,
0,0,83,0,6,0,100,,,,,
0,0,83,0,6,0,200,,,,,
0,0,83,0,6,0,300,,,,,
0,0,83,0,6,0,400,,,,,
0,0,83,0,6,0,500,,,,,
0,0,83,0,6,0,600,,,,,
0,0,83,0,6,0,700,,,,,
0,0,83,0,6,0,800,,,,,
0,0,83,0,6,0,900,,,,,
0,0,83,0,6,1,0,,,,,
0,0,83,0,6,1,100,,,,,
0,0,83,0,6,1,200,,,,,
0,0,83,0,6,1,300,,,,,
0,0,83,0,6,1,400,,,,,
0,0,83,0,6,1,500,,,,,
0,0,83,0,6,1,600,,,,,
0,0,83,0,6,1,700,,,,,
0,0,83,0,6,1,800,,,,,
0,0,83,0,6,1,900,,,,,
0,0,83,0,6,2,0,,,,,
0,0,83,0,6,2,100,,,,,
0,0,83,0,6,2,200,,,,,
0,0,83,0,6,2,300,,,,,
0,0,83,0,6,2,400,,,,,
0,0,83,0,6,2,500,,,,,
0,0,83,0,6,2,600,,,,,
0,0,83,0,6,2,700,,,,,
0,0,83,0,6,2,800,,,,,
0,0,83,0,6,2,900,,,,,
1,1,83,0,6,3,0,,,,,
2,4,83,0,6,3,100,,,,,
3,7,83,0,6,3,200,,,,,
4,10,83,0,6,3,300,,,,,
5,13,83,0,6,3,400,,,,,
6,16,83,0,6,3,500,,,,,
7,19,83,0,6,3,600,,,,,
8,22,83,0,6,3,700,,,,,
9,25,83,0,6,3,800,,,,,
10,28,83,0,6,3,900,,,,,
11,31,83,0,6,4,0,,,,,
12,34,83,0,6,4,100,,,,,
13,37,83,0,6,4,200,,,,,
14,40,83,0,6,4,300,,,,,
15,43,83,0,6,4,400,,,,,
16,46,83,0,6,4,500,,,,,
17,49,83,0,6,4,600,,,,,
18,52,83,0,6,4,700,,,,,
19,55,83,0,6,4,800,,,,,
20,58,83,0,6,4,900,,,,,
21,61,83,0,6,5,0,,,,,
22,64,83,0,6,5,100,,,,,
23,67,83,0,6,5,200,,,,,
24,70,83,0,6,5,300,,,,,
25,73,83,0,6,5,400,,,,,
25,76,83,0,6,5,500,,,,,
25,79,83,0,6,5,600,,,,,
25,82,83,0,6,5,700,,,,,
25,85,83,0,6,5,800,,,,,
25,88,83,0,6,5,900,,,,,
25,91,83,0,6,6,0,,,,,
25,94,83,0,6,6,100,,,,,
25,97,83,0,6,6,200,,,,,
25,100,83,0,6,6,300,,,,,
25,103,83,0,6,6,400,,,,,
25,106,83,0,6,6,500,,,,,
25,109,83,0,6,6,600,,,,,
25,112,83,0,6,6,700,,,,,
25,115,83,0,6,6,800,,,,,
25,112,83,0,6,6,900,,,,,
25,109,83,0,6,7,0,,,,,
25,106,83,0,6,7,100,,,,,
25,103,83,0,6,7,200,,,,,
25,100,83,0,6,7,300,,,,,
25,97,83,0,6,7,400,,,,,
25,94,83,0,6,7,500,,,,,
27,91,83,0,6,7,600,,,,,
29,88,83,0,6,7,700,,,,,
31,85,83,0,6,7,800,,,,,
33,82,83,0,6,7,900,,,,,
35,79,83,0,6,8,0,,,,,
37,76,83,0,6,8,100,,,,,
39,73,83,0,6,8,200,,,,,
41,70,83,0,6,8,300,,,,,
43,67,83,0,6,8,400,,,,,
45,64,83,0,6,8,500,,,,,
47,61,83,0,6,8,600,,,,,
49,58,83,0,6,8,700,,,,,
51,55,83,0,6,8,800,,,,,
53,52,83,0,6,8,900,,,,,
55,49,83,0,6,9,0,,,,,
57,46,83,0,6,9,100,,,,,
59,43,83,0,6,9,200,,,,,
61,40,83,0,6,9,300,,,,,
63,37,83,0,6,9,400,,,,,
65,34,83,0,6,9,500,,,,,
67,31,83,0,6,9,600,,,,,
69,28,83,0,6,9,700,,,,,
69,25,83,0,6,9,800,,,,,
69,22,83,0,6,9,900,,,,,
69,19,83,0,6,10,0,,,,,
69,16,83,0,6,10,100,,,,,
69,13,83,0,6,10,200,,,,,
69,10,83,0,6,10,300,,,,,
69,7,83,0,6,10,400,,,,,
69,4,83,0,6,10,500,,,,,
69,1,83,0,6,10,600,,,,,
69,0,83,0,6,10,700,,,,,
69,0,83,0,6,10,800,,,,,
69,0,83,0,6,10,900,,,,,
69,0,83,0,6,11,0,,,,,
69,0,83,0,6,11,100,,,,,
69,0,83,0,6,11,200,,,,,
69,0,83,0,6,11,300,,,,,
69,0,83,0,6,11,400,,,,,
69,0,83,0,6,11,500,,,,,
69,0,83,0,6,11,600,,,,,
69,0,83,0,6,11,700,,,,,
69,0,83,0,6,11,800,,,,,
69,0,83,0,6,11,900,,,,,
69,0,83,0,6,12,0,,,,,
69,0,83,0,6,12,100,,,,,
69,0,83,0,6,12,200,,,,,
69,0,83,0,6,12,300,,,,,
69,0,83,0,6,12,400,,,,,
69,0,83,0,6,12,500,,,,,
69,0,83,0,6,12,600,,,,,
69,0,83,0,6,12,700,,,,,
69,0,83,0,6,12,800,,,,,
69,0,83,0,6,12,900,,,,,
69,0,83,0,6,13,0,,,,,
69,0,83,0,6,13,100,,,,,
69,0,83,0,6,13,200,,,,,
69,0,83,0,6,13,300,,,,,
69,0,83,0,6,13,400,,,,,
69,0,83,0,6,13,500,,,,,
69,0,83,0,6,13,600,,,,,
69,0,83,0,6,13,700,,,,,
69,0,83,0,6,13,800,,,,,
69,0,83,0,6,13,900,,,,,
69,0,83,0,6,14,0,,,,,
69,0,83,0,6,14,100,,,,,
69,0,83,0,6,14,200,,,,,
69,0,83,0,6,14,300,,,,,
69,0,83,0,6,14,400,,,,,
69,0,83,0,6,14,500,,,,,
69,0,83,0,6,14,600,,,,,
69,0,83,0,6,14,700,,,,,
69,0,83,0,6,14,800,,,,,
69,0,83,0,6,14,900,,,,,
69,0,83,0,6,15,0,,,,,
69,0,83,0,6,15,100,,,,,
69,0,83,0,6,15,200,,,,,
69,0,83,0,6,15,300,,,,,
69,0,83,0,6,15,400,,,,,
69,0,83,0,6,15,500,,,,,
69,0,83,0,6,15,600,,,,,
69,0,83,0,6,15,700,,,,,
69,0,83,0,6,15,800,,,,,
69,0,83,0,6,15,900,,,,,
69,0,83,0,6,16,0,,,,,
69,0,83,0,6,16,100,,,,,
69,0,83,0,6,16,200,,,,,
69,0,83,0,6,16,300,,,,,
69,0,83,0,6,16,400,,,,,
69,0,83,0,6,16,500,,,,,
69,0,83,0,6,16,600,,,,,
69,0,83,0,6,16,700,,,,,
69,0,83,0,6,16,800,,,,,
69,0,83,0,6,16,900,,,,,
69,0,83,0,6,17,0,,,,,
69,0,83,0,6,17,100,,,,,
69,0,83,0,6,17,200,,,,,
69,0,83,0,6,17,300,,,,,
69,0,83,0,6,17,400,,,,,
69,0,83,0,6,17,500,,,,,
69,0,83,0,6,17,600,,,,,
69,0,83,0,6,17,700,,,,,
69,0,83,0,6,17,800,,,,,
69,0,83,0,6,17,900,,,,,
69,0,83,0,6,18,0,,,,,
69,0,83,0,6,18,100,,,,,
69,0,83,0,6,18,200,,,,,
69,0,83,0,6,18,300,,,,,
69,0,83,0,6,18,400,,,,,
69,0,83,0,6,18,500,,,,,
69,0,83,0,6,18,600,,,,,
69,0,83,0,6,18,700,,,,,
69,0,83,0,6,18,800,,,,,
69,0,83,0,6,18,900,,,,,
69,0,83,0,6,19,0,,,,,
69,0,83,0,6,19,100,,,,,
69,0,83,0,6,19,200,,,,,
69,0,83,0,6,19,300,,,,,
69,0,83,0,6,19,400,,,,,
69,0,83,0,6,19,500,,,,,
69,0,83,0,6,19,600,,,,,
69,0,83,0,6,19,700,,,,,
69,0,83,0,6,19,800,,,,,
69,0,83,0,6,19,900,,,,,
69,0,83,0,6,20,0,,,,,
69,0,83,0,6,20,100,,,,,
69,0,83,0,6,20,200,,,,,
69,0,83,0,6,20,300,,,,,
69,0,83,0,6,20,400,,,,,
69,0,83,0,6,20,500,,,,,
69,0,83,0,6,20,600,,,,,
69,0,83,0,6,20,700,,,,,
69,0,83,0,6,20,800,,,,,
69,0,83,0,6,20,900,,,,,
69,0,83,0,6,21,0,,,,,
69,0,83,0,6,21,100,,,,,
69,0,83,0,6,21,200,,,,,
69,0,83,0,6,21,300,,,,,
69,0,83,0,6,21,400,,,,,
69,0,83,0,6,21,500,,,,,
69,0,83,0,6,21,600,,,,,
69,0,83,0,6,21,700,,,,,
69,0,83,0,6,21,800,,,,,
69,0,83,0,6,21,900,,,,,
69,0,83,0,6,22,0,,,,,
69,0,83,0,6,22,100,,,,,
69,0,83,0,6,22,200,,,,,
69,0,83,0,6,22,300,,,,,
69,0,83,0,6,22,400,,,,,
69,0,83,0,6,22,500,,,,,
69,0,83,0,6,22,600,,,,,
69,0,83,0,6,22,700,,,,,
69,0,83,0,6,22,800,,,,,
69,0,83,0,6,22,900,,,,,
69,0,83,0,6,23,0,,,,,
69,0,83,0,6,23,100,,,,,
69,0,83,0,6,23,200,,,,,
69,0,83,0,6,23,300,,,,,
69,0,83,0,6,23,400,,,,,
69,0,83,0,6,23,500,,,,,
69,0,83,0,6,23,600,,,,,
69,0,83,0,6,23,700,,,,,
69,0,83,0,6,23,800,,,,,
69,0,83,0,6,23,900,,,,,
69,0,83,0,6,24,0,,,,,
69,0,83,0,6,24,100,,,,,
69,0,83,0,6,24,200,,,,,
69,0,83,0,6,24,300,,,,,
69,0,83,0,6,24,400,,,,,
69,0,83,0,6,24,500,,,,,
69,0,83,0,6,24,600,,,,,
69,0,83,0,6,24,700,,,,,
69,0,83,0,6,24,800,,,,,
69,0,83,0,6,24,900,,,,,
69,0,83,0,6,25,0,,,,,
69,0,83,0,6,25,100,,,,,
69,0,83,0,6,25,200,,,,,
69,0,83,0,6,25,300,,,,,
69,0,83,0,6,25,400,,,,,
69,0,83,0,6,25,500,,,,,
69,0,83,0,6,25,600,,,,,
69,0,83,0,6,25,700,,,,,
69,0,83,0,6,25,800,,,,,
69,0,83,0,6,25,900,,,,,
69,0,83,0,6,26,0,,,,,
69,0,83,0,6,26,100,,,,,
69,0,83,0,6,26,200,,,,,
69,0,83,0,6,26,300,,,,,
69,0,83,0,6,26,400,,,,,
69,0,83,0,6,26,500,,,,,
69,0,83,0,6,26,600,,,,,
69,0,83,0,6,26,700,,,,,
69,0,83,0,6,26,800,,,,,
69,0,83,0,6,26,900,,,,,
69,0,83,0,6,27,0,,,,,
69,0,83,0,6,27,100,,,,,
69,0,83,0,6,27,200,,,,,
69,0,83,0,6,27,300,,,,,
69,0,83,0,6,27,400,,,,,
69,0,83,0,6,27,500,,,,,
69,0,83,0,6,27,600,,,,,
69,0,83,0,6,27,700,,,,,
69,0,83,0,6,27,800,,,,,
69,0,83,0,6,27,900,,,,,
69,0,83,0,6,28,0,,,,,
69,0,83,0,6,28,100,,,,,
69,0,83,0,6,28,200,,,,,
69,0,83,0,6,28,300,,,,,
69,0,83,0,6,28,400,,,,,
69,0,83,0,6,28,500,,,,,
69,0,83,0,6,28,600,,,,,
69,0,83,0,6,28,700,,,,,
69,0,83,0,6,28,800,,,,,
69,0,83,0,6,28,900,,,,,
69,0,83,0,6,29,0,,,,,
69,0,83,0,6,29,100,,,,,
69,0,83,0,6,29,200,,,,,
69,0,83,0,6,29,300,,,,,
69,0,83,0,6,29,400,,,,,
69,0,83,0,6,29,500,,,,,
69,0,83,0,6,29,600,,,,,
69,0,83,0,6,29,700,,,,,
69,0,83,0,6,29,800,,,,,
69,0,83,0,6,29,900,,,,,
69,0,83,0,6,30,0,,,,,
69,0,83,0,6,30,100,,,,,
69,0,83,0,6,30,200,,,,,
69,0,83,0,6,30,300,,,,,
69,0,83,0,6,30,400,,,,,
69,0,83,0,6,30,500,,,,,
69,0,83,0,6,30,600,,,,,
69,0,83,0,6,30,700,,,,,
69,0,83,0,6,30,800,,,,,
69,0,83,0,6,30,900,,,,,
69,0,83,0,6,31,0,,,,,
69,0,83,0,6,31,100,,,,,
69,0,83,0,6,31,200,,,,,
69,0,83,0,6,31,300,,,,,
69,0,83,0,6,31,400,,,,,
69,0,83,0,6,31,500,,,,,
69,0,83,0,6,31,600,,,,,
69,0,83,0,6,31,700,,,,,
69,0,83,0,6,31,800,,,,,
69,0,83,0,6,31,900,,,,,
69,0,83,0,6,32,0,,,,,
69,0,83,0,6,32,100,,,,,
69,0,83,0,6,32,200,,,,,
69,0,83,0,6,32,300,,,,,
69,0,83,0,6,32,400,,,,,
69,0,83,0,6,32,500,,,,,
69,0,83,0,6,32,600,,,,,
69,0,83,0,6,32,700,,,,,
69,0,83,0,6,32,800,,,,,
69,0,83,0,6,32,900,,,,,
69,0,83,0,6,33,0,,,,,
69,0,83,0,6,33,100,,,,,
69,0,83,0,6,33,200,,,,,
69,0,83,0,6,33,300,,,,,
69,0,83,0,6,33,400,,,,,
69,0,83,0,6,33,500,,,,,
69,0,83,0,6,33,600,,,,,
69,0,83,0,6,33,700,,,,,
69,0,83,0,6,33,800,,,,,
69,0,83,0,6,33,900,,,,,
69,0,83,0,6,34,0,,,,,
69,0,83,0,6,34,100,,,,,
69,0,83,0,6,34,200,,,,,
69,0,83,0,6,34,300,,,,,
69,0,83,0,6,34,400,,,,,
69,0,83,0,6,34,500,,,,,
69,0,83,0,6,34,600,,,,,
69,0,83,0,6,34,700,,,,,
69,0,83,0,6,34,800,,,,,
69,0,83,0,6,34,900,,,,,
69,0,83,0,6,35,0,,,,,
69,0,83,0,6,35,100,,,,,
69,0,83,0,6,35,200,,,,,
69,0,83,0,6,35,300,,,,,
69,0,83,0,6,35,400,,,,,
69,0,83,0,6,35,500,,,,,
69,0,83,0,6,35,600,,,,,
69,0,83,0,6,35,700,,,,,
69,0,83,0,6,35,800,,,,,
69,0,83,0,6,35,900,,,,,
69,0,83,0,6,36,0,,,,,
69,0,83,0,6,36,100,,,,,
69,0,83,0,6,36,200,,,,,
69,0,83,0,6,36,300,,,,,
69,0,83,0,6,36,400,,,,,
69,0,83,0,6,36,500,,,,,
69,0,83,0,6,36,600,,,,,
69,0,83,0,6,36,700,,,,,
69,0,83,0,6,36,800,,,,,
69,0,83,0,6,36,900,,,,,
69,0,83,0,6,37,0,,,,,
69,0,83,0,6,37,100,,,,,
69,0,83,0,6,37,200,,,,,
69,0,83,0,6,37,300,,,,,
69,0,83,0,6,37,400,,,,,
69,0,83,0,6,37,500,,,,,
69,0,83,0,6,37,600,,,,,
69,0,83,0,6,37,700,,,,,
69,0,83,0,6,37,800,,,,,
69,0,83,0,6,37,900,,,,,
69,0,83,0,6,38,0,,,,,
69,0,83,0,6,38,100,,,,,
69,0,83,0,6,38,200,,,,,
69,0,83,0,6,38,300,,,,,
69,0,83,0,6,38,400,,,,,
69,0,83,0,6,38,500,,,,,
69,0,83,0,6,38,600,,,,,
69,0,83,0,6,38,700,,,,,
69,0,83,0,6,38,800,,,,,
69,0,83,0,6,38,900,,,,,
69,0,83,0,6,39,0,,,,,
69,0,83,0,6,39,100,,,,,
69,0,83,0,6,39,200,,,,,
69,0,83,0,6,39,300,,,,,
69,0,83,0,6,39,400,,,,,
69,0,83,0,6,39,500,,,,,
69,0,83,0,6,39,600,,,,,
69,0,83,0,6,39,700,,,,,
69,0,83,0,6,39,800,,,,,
69,0,83,0,6,39,900,,,,,
69,0,83,0,6,40,0,,,,,
69,0,83,0,6,40,100,,,,,
69,0,83,0,6,40,200,,,,,
69,0,83,0,6,40,300,,,,,
69,0,83,0,6,40,400,,,,,
69,0,83,0,6,40,500,,,,,
69,0,83,0,6,40,600,,,,,
69,0,83,0,6,40,700,,,,,
69,0,83,0,6,40,800,,,,,
69,0,83,0,6,40,900,,,,,
69,0,83,0,6,41,0,,,,,
69,0,83,0,6,41,100,,,,,
69,0,83,0,6,41,200,,,,,
69,0,83,0,6,41,300,,,,,
69,0,83,0,6,41,400,,,,,
69,0,83,0,6,41,500,,,,,
69,0,83,0,6,41,600,,,,,
69,0,83,0,6,41,700,,,,,
69,0,83,0,6,41,800,,,,,
69,0,83,0,6,41,900,,,,,
69,0,83,0,6,42,0,,,,,
69,0,83,0,6,42,100,,,,,
69,0,83,0,6,42,200,,,,,
69,0,83,0,6,42,300,,,,,
69,0,83,0,6,42,400,,,,,
69,0,83,0,6,42,500,,,,,
69,0,83,0,6,42,600,,,,,
69,0,83,0,6,42,700,,,,,
69,0,83,0,6,42,800,,,,,
69,0,83,0,6,42,900,,,,,
69,0,83,0,6,43,0,,,,,
69,0,83,0,6,43,100,,,,,
69,0,83,0,6,43,200,,,,,
69,0,83,0,6,43,300,,,,,
69,0,83,0,6,43,400,,,,,
69,0,83,0,6,43,500,,,,,
69,0,83,0,6,43,600,,,,,
69,0,83,0,6,43,700,,,,,
69,0,83,0,6,43,800,,,,,
69,0,83,0,6,43,900,,,,,
69,0,83,0,6,44,0,,,,,
69,0,83,0,6,44,100,,,,,
69,0,83,0,6,44,200,,,,,
69,0,83,0,6,44,300,,,,,
69,0,83,0,6,44,400,,,,,
69,0,83,0,6,44,500,,,,,
69,0,83,0,6,44,600,,,,,
69,0,83,0,6,44,700,,,,,
69,0,83,0,6,44,800,,,,,
69,0,83,0,6,44,900,,,,,
69,0,83,0,6,45,0,,,,,
69,0,83,0,6,45,100,,,,,
69,0,83,0,6,45,200,,,,,
69,0,83,0,6,45,300,,,,,
69,0,83,0,6,45,400,,,,,
69,0,83,0,6,45,500,,,,,
69,0,83,0,6,45,600,,,,,
69,0,83,0,6,45,700,,,,,
69,0,83,0,6,45,800,,,,,
69,0,83,0,6,45,900,,,,,
69,0,83,0,6,46,0,,,,,
69,0,83,0,6,46,100,,,,,
69,0,83,0,6,46,200,,,,,
69,0,83,0,6,46,300,,,,,
69,0,83,0,6,46,400,,,,,
69,0,83,0,6,46,500,,,,,
69,0,83,0,6,46,600,,,,,
69,0,83,0,6,46,700,,,,,
69,0,83,0,6,46,800,,,,,
69,0,83,0,6,46,900,,,,,
69,0,83,0,6,47,0,,,,,
69,0,83,0,6,47,100,,,,,
69,0,83,0,6,47,200,,,,,
69,0,83,0,6,47,300,,,,,
69,0,83,0,6,47,400,,,,,
69,0,83,0,6,47,500,,,,,
69,0,83,0,6,47,600,,,,,
69,0,83,0,6,47,700,,,,,
69,0,83,0,6,47,800,,,,,
69,0,83,0,6,47,900,,,,,
69,0,83,0,6,48,0,,,,,
69,0,83,0,6,48,100,,,,,
69,0,83,0,6,48,200,,,,,
69,0,83,0,6,48,300,,,,,
69,0,83,0,6,48,400,,,,,
69,0,83,0,6,48,500,,,,,
69,0,83,0,6,48,600,,,,,
69,0,83,0,6,48,700,,,,,
69,0,83,0,6,48,800,,,,,
69,0,83,0,6,48,900,,,,,
69,0,83,0,6,49,0,,,,,
69,0,83,0,6,49,100,,,,,
69,0,83,0,6,49,200,,,,,
69,0,83,0,6,49,300,,,,,
69,0,83,0,6,49,400,,,,,
69,0,83,0,6,49,500,,,,,
69,0,83,0,6,49,600,,,,,
69,0,83,0,6,49,700,,,,,
69,0,83,0,6,49,800,,,,,
69,0,83,0,6,49,900,,,,,
69,0,83,0,6,50,0,,,,,
69,0,83,0,6,50,100,,,,,
69,0,83,0,6,50,200,,,,,
69,0,83,0,6,50,300,,,,,
69,0,83,0,6,50,400,,,,,
69,0,83,0,6,50,500,,,,,
69,0,83,0,6,50,600,,,,,
69,0,83,0,6,50,700,,,,,
69,0,83,0,6,50,800,,,,,
69,0,83,0,6,50,900,,,,,
69,0,83,0,6,51,0,,,,,
69,0,83,0,6,51,100,,,,,
69,0,83,0,6,51,200,,,,,
69,0,83,0,6,51,300,,,,,
69,0,83,0,6,51,400,,,,,
69,0,83,0,6,51,500,,,,,
69,0,83,0,6,51,600,,,,,
69,0,83,0,6,51,700,,,,,
69,0,83,0,6,51,800,,,,,
69,0,83,0,6,51,900,,,,,
69,0,83,0,6,52,0,,,,,
69,0,83,0,6,52,100,,,,,
69,0,83,0,6,52,200,,,,,
69,0,83,0,6,52,300,,,,,
69,0,83,0,6,52,400,,,,,
69,0,83,0,6,52,500,,,,,
69,0,83,0,6,52,600,,,,,
69,0,83,0,6,52,700,,,,,
69,0,83,0,6,52,800,,,,,
69,0,83,0,6,52,900,,,,,
69,0,83,0,6,53,0,,,,,
69,0,83,0,6,53,100,,,,,
69,0,83,0,6,53,200,,,,,
69,0,83,0,6,53,300,,,,,
69,0,83,0,6,53,400,,,,,
69,0,83,0,6,53,500,,,,,
69,0,83,0,6,53,600,,,,,
69,0,83,0,6,53,700,,,,,
69,0,83,0,6,53,800,,,,,
69,0,83,0,6,53,900,,,,,
69,0,83,0,6,54,0,,,,,
69,0,83,0,6,54,100,,,,,
69,0,83,0,6,54,200,,,,,
69,0,83,0,6,54,300,,,,,
69,0,83,0,6,54,400,,,,,
69,0,83,0,6,54,500,,,,,
69,0,83,0,6,54,600,,,,,
69,0,83,0,6,54,700,,,,,
69,0,83,0,6,54,800,,,,,
69,0,83,0,6,54,900,,,,,
69,0,83,0,6,55,0,,,,,
69,0,83,0,6,55,100,,,,,
69,0,83,0,6,55,200,,,,,
69,0,83,0,6,55,300,,,,,
69,0,83,0,6,55,400,,,,,
69,0,83,0,6,55,500,,,,,
69,0,83,0,6,55,600,,,,,
69,0,83,0,6,55,700,,,,,
69,0,83,0,6,55,800,,,,,
69,0,83,0,6,55,900,,,,,
69,0,83,0,6,56,0,,,,,
69,0,83,0,6,56,100,,,,,
69,0,83,0,6,56,200,,,,,
69,0,83,0,6,56,300,,,,,
69,0,83,0,6,56,400,,,,,
69,0,83,0,6,56,500,,,,,
69,0,83,0,6,56,600,,,,,
69,0,83,0,6,56,700,,,,,
69,0,83,0,6,56,800,,,,,
69,0,83,0,6,56,900,,,,,
69,0,83,0,6,57,0,,,,,
69,0,83,0,6,57,100,,,,,
69,0,83,0,6,57,200,,,,,
69,0,83,0,6,57,300,,,,,
69,0,83,0,6,57,400,,,,,
69,0,83,0,6,57,500,,,,,
69,0,83,0,6,57,600,,,,,
69,0,83,0,6,57,700,,,,,
69,0,83,0,6,57,800,,,,,
69,0,83,0,6,57,900,,,,,
69,0,83,0,6,58,0,,,,,
69,0,83,0,6,58,100,,,,,
69,0,83,0,6,58,200,,,,,
69,0,83,0,6,58,300,,,,,
69,0,83,0,6,58,400,,,,,
69,0,83,0,6,58,500,,,,,
69,0,83,0,6,58,600,,,,,
69,0,83,0,6,58,700,,,,,
69,0,83,0,6,58,800,,,,,
69,0,83,0,6,58,900,,,,,
69,0,83,0,6,59,0,,,,,
69,0,83,0,6,59,100,,,,,
69,0,83,0,6,59,200,,,,,
69,0,83,0,6,59,300,,,,,
69,0,83,0,6,59,400,,,,,
69,0,83,0,6,59,500,,,,,
69,0,83,0,6,59,600,,,,,
69,0,83,0,6,59,700,,,,,
69,0,83,0,6,59,800,,,,,
69,0,83,0,6,59,900,,,,,
69,0,83,0,7,0,0,,,,,
69,0,83,0,7,0,100,,,,,
69,0,83,0,7,0,200,,,,,
69,0,83,0,7,0,300,,,,,
69,0,83,0,7,0,400,,,,,
69,0,83,0,7,0,500,,,,,
69,0,83,0,7,0,600,,,,,
69,0,83,0,7,0,700,,,,,
69,0,83,0,7,0,800,,,,,
69,0,83,0,7,0,900,,,,,
69,0,83,0,7,1,0,,,,,
69,0,83,0,7,1,100,,,,,
69,0,83,0,7,1,200,,,,,
69,0,83,0,7,1,300,,,,,
69,0,83,0,7,1,400,,,,,
69,0,83,0,7,1,500,,,,,
69,0,83,0,7,1,600,,,,,
69,0,83,0,7,1,700,,,,,
69,0,83,0,7,1,800,,,,,
69,0,83,0,7,1,900,,,,,
69,0,83,0,7,2,0,,,,,
69,0,83,0,7,2,100,,,,,
69,0,83,0,7,2,200,,,,,
69,0,83,0,7,2,300,,,,,
69,0,83,0,7,2,400,,,,,
69,0,83,0,7,2,500,,,,,
69,0,83,0,7,2,600,,,,,
69,0,83,0,7,2,700,,,,,
69,0,83,0,7,2,800,,,,,
69,0,83,0,7,2,900,,,,,
69,0,83,0,7,3,0,,,,,
69,0,83,0,7,3,100,,,,,
69,0,83,0,7,3,200,,,,,
69,0,83,0,7,3,300,,,,,
69,0,83,0,7,3,400,,,,,
69,0,83,0,7,3,500,,,,,
69,0,83,0,7,3,600,,,,,
69,0,83,0,7,3,700,,,,,
69,0,83,0,7,3,800,,,,,
69,0,83,0,7,3,900,,,,,
69,0,83,0,7,4,0,,,,,
69,0,83,0,7,4,100,,,,,
69,0,83,0,7,4,200,,,,,
69,0,83,0,7,4,300,,,,,
69,0,83,0,7,4,400,,,,,
69,0,83,0,7,4,500,,,,,
69,0,83,0,7,4,600,,,,,
69,0,83,0,7,4,700,,,,,
69,0,83,0,7,4,800,,,,,
69,0,83,0,7,4,900,,,,,
69,0,83,0,7,5,0,,,,,
69,0,83,0,7,5,100,,,,,
69,0,83,0,7,5,200,,,,,
69,0,83,0,7,5,300,,,,,
69,0,83,0,7,5,400,,,,,
69,0,83,0,7,5,500,,,,,
69,0,83,0,7,5,600,,,,,
69,0,83,0,7,5,700,,,,,
69,0,83,0,7,5,800,,,,,
69,0,83,0,7,5,900,,,,,
69,0,83,0,7,6,0,,,,,
69,0,83,0,7,6,100,,,,,
69,0,83,0,7,6,200,,,,,
69,0,83,0,7,6,300,,,,,
69,0,83,0,7,6,400,,,,,
69,0,83,0,7,6,500,,,,,
69,0,83,0,7,6,600,,,,,
69,0,83,0,7,6,700,,,,,
69,0,83,0,7,6,800,,,,,
69,0,83,0,7,6,900,,,,,
69,0,83,0,7,7,0,,,,,
69,0,83,0,7,7,100,,,,,
69,0,83,0,7,7,200,,,,,
69,0,83,0,7,7,300,,,,,
69,0,83,0,7,7,400,,,,,
69,0,83,0,7,7,500,,,,,
69,0,83,0,7,7,600,,,,,
69,0,83,0,7,7,700,,,,,
69,0,83,0,7,7,800,,,,,
69,0,83,0,7,7,900,,,,,
69,0,83,0,7,8,0,,,,,
69,0,83,0,7,8,100,,,,,
69,0,83,0,7,8,200,,,,,
69,0,83,0,7,8,300,,,,,
69,0,83,0,7,8,400,,,,,
69,0,83,0,7,8,500,,,,,
69,0,83,0,7,8,600,,,,,
69,0,83,0,7,8,700,,,,,
69,0,83,0,7,8,800,,,,,
69,0,83,0,7,8,900,,,,,
69,0,83,0,7,9,0,,,,,
69,0,83,0,7,9,100,,,,,
69,0,83,0,7,9,200,,,,,
69,0,83,0,7,9,300,,,,,
69,0,83,0,7,9,400,,,,,
69,0,83,0,7,9,500,,,,,
69,0,83,0,7,9,600,,,,,
69,0,83,0,7,9,700,,,,,
69,0,83,0,7,9,800,,,,,
69,0,83,0,7,9,900,,,,,
69,0,83,0,7,10,0,,,,,
69,0,83,0,7,10,100,,,,,
69,0,83,0,7,10,200,,,,,
69,0,83,0,7,10,300,,,,,
69,0,83,0,7,10,400,,,,,
69,0,83,0,7,10,500,,,,,
69,0,83,0,7,10,600,,,,,
69,0,83,0,7,10,700,,,,,
69,0,83,0,7,10,800,,,,,
69,0,83,0,7,10,900,,,,,
69,0,83,0,7,11,0,,,,,
69,0,83,0,7,11,100,,,,,
69,0,83,0,7,11,200,,,,,
69,0,83,0,7,11,300,,,,,
69,0,83,0,7,11,400,,,,,
69,0,83,0,7,11,500,,,,,
69,0,83,0,7,11,600,,,,,
69,0,83,0,7,11,700,,,,,
69,0,83,0,7,11,800,,,,,
69,0,83,0,7,11,900,,,,,
69,0,83,0,7,12,0,,,,,
69,0,83,0,7,12,100,,,,,
69,0,83,0,7,12,200,,,,,
69,0,83,0,7,12,300,,,,,
69,0,83,0,7,12,400,,,,,
69,0,83,0,7,12,500,,,,,
69,0,83,0,7,12,600,,,,,
69,0,83,0,7,12,700,,,,,
69,0,83,0,7,12,800,,,,,
69,0,83,0,7,12,900,,,,,
69,0,83,0,7,13,0,,,,,
69,0,83,0,7,13,100,,,,,
69,0,83,0,7,13,200,,,,,
69,0,83,0,7,13,300,,,,,
69,0,83,0,7,13,400,,,,,
69,0,83,0,7,13,500,,,,,
69,0,83,0,7,13,600,,,,,
69,0,83,0,7,13,700,,,,,
69,0,83,0,7,13,800,,,,,
69,0,83,0,7,13,900,,,,,
69,0,83,0,7,14,0,,,,,
69,0,83,0,7,14,100,,,,,
69,0,83,0,7,14,200,,,,,
69,0,83,0,7,14,300,,,,,
69,0,83,0,7,14,400,,,,,
69,0,83,0,7,14,500,,,,,
69,0,83,0,7,14,600,,,,,
69,0,83,0,7,14,700,,,,,
69,0,83,0,7,14,800,,,,,
69,0,83,0,7,14,900,,,,,
69,0,83,0,7,15,0,,,,,
69,0,83,0,7,15,100,,,,,
69,0,83,0,7,15,200,,,,,
69,0,83,0,7,15,300,,,,,
69,0,83,0,7,15,400,,,,,
69,0,83,0,7,15,500,,,,,
69,0,83,0,7,15,600,,,,,
69,0,83,0,7,15,700,,,,,
69,0,83,0,7,15,800,,,,,
69,0,83,0,7,15,900,,,,,
69,0,83,0,7,16,0,,,,,
69,0,83,0,7,16,100,,,,,
69,0,83,0,7,16,200,,,,,
69,0,83,0,7,16,300,,,,,
69,0,83,0,7,16,400,,,,,
69,0,83,0,7,16,500,,,,,
69,0,83,0,7,16,600,,,,,
69,0,83,0,7,16,700,,,,,
69,0,83,0,7,16,800,,,,,
69,0,83,0,7,16,900,,,,,
69,0,83,0,7,17,0,,,,,
69,0,83,0,7,17,100,,,,,
69,0,83,0,7,17,200,,,,,
69,0,83,0,7,17,300,,,,,
69,0,83,0,7,17,400,,,,,
69,0,83,0,7,17,500,,,,,
69,0,83,0,7,17,600,,,,,
69,0,83,0,7,17,700,,,,,
69,0,83,0,7,17,800,,,,,
69,0,83,0,7,17,900,,,,,
69,0,83,0,7,18,0,,,,,
69,0,83,0,7,18,100,,,,,
69,0,83,0,7,18,200,,,,,
69,0,83,0,7,18,300,,,,,
69,0,83,0,7,18,400,,,,,
69,0,83,0,7,18,500,,,,,
69,0,83,0,7,18,600,,,,,
69,0,83,0,7,18,700,,,,,
69,0,83,0,7,18,800,,,,,
69,0,83,0,7,18,900,,,,,
69,0,83,0,7,19,0,,,,,
69,0,83,0,7,19,100,,,,,
69,0,83,0,7,19,200,,,,,
69,0,83,0,7,19,300,,,,,
69,0,83,0,7,19,400,,,,,
69,0,83,0,7,19,500,,,,,
69,0,83,0,7,19,600,,,,,
69,0,83,0,7,19,700,,,,,
69,0,83,0,7,19,800,,,,,
69,0,83,0,7,19,900,,,,,
69,0,83,0,7,20,0,,,,,
69,0,83,0,7,20,100,,,,,
69,0,83,0,7,20,200,,,,,
69,0,83,0,7,20,300,,,,,
69,0,83,0,7,20,400,,,,,
69,0,83,0,7,20,500,,,,,
69,0,83,0,7,20,600,,,,,
69,0,83,0,7,20,700,,,,,
69,0,83,0,7,20,800,,,,,
69,0,83,0,7,20,900,,,,,
69,0,83,0,7,21,0,,,,,
69,0,83,0,7,21,100,,,,,
69,0,83,0,7,21,200,,,,,
69,0,83,0,7,21,300,,,,,
69,0,83,0,7,21,400,,,,,
69,0,83,0,7,21,500,,,,,
69,0,83,0,7,21,600,,,,,
69,0,83,0,7,21,700,,,,,
69,0,83,0,7,21,800,,,,,
69,0,83,0,7,21,900,,,,,
69,0,100,0,7,22,0,,,,,
69,0,100,0,7,22,100,,,,,
69,0,100,0,7,22,200,,,,,
69,0,100,0,7,22,300,,,,,
69,0,100,0,7,22,400,,,,,
69,0,100,0,7,22,500,,,,,
69,0,100,0,7,22,600,,,,,
69,0,100,0,7,22,700,,,,,
69,0,100,0,7,22,800,,,,,
69,0,100,0,7,22,900,,,,,
69,0,100,0,7,23,0,,,,,
69,0,100,0,7,23,100,,,,,
69,0,100,0,7,23,200,,,,,
69,0,100,0,7,23,300,,,,,
69,0,100,0,7,23,400,,,,,
69,0,100,0,7,23,500,,,,,
69,0,100,0,7,23,600,,,,,
69,0,100,0,7,23,700,,,,,
69,0,100,0,7,23,800,,,,,
69,0,100,0,7,23,900,,,,,
69,0,100,0,7,24,0,,,,,
69,0,100,0,7,24,100,,,,,
69,0,100,0,7,24,200,,,,,
69,0,100,0,7,24,300,,,,,
69,0,100,0,7,24,400,,,,,
69,0,100,0,7,24,500,,,,,
69,0,100,0,7,24,600,,,,,
69,0,100,0,7,24,700,,,,,
69,0,100,0,7,24,800,,,,,
69,0,100,0,7,24,900,,,,,
69,0,100,0,7,25,0,,,,,
69,0,100,0,7,25,100,,,,,
69,0,100,0,7,25,200,,,,,
69,0,100,0,7,25,300,,,,,
69,0,100,0,7,25,400,,,,,
69,0,100,0,7,25,500,,,,,
69,0,100,0,7,25,600,,,,,
69,0,100,0,7,25,700,,,,,
69,0,100,0,7,25,800,,,,,
69,0,100,0,7,25,900,,,,,
69,0,100,0,7,26,0,,,,,
69,0,100,0,7,26,100,,,,,
69,0,100,0,7,26,200,,,,,
69,0,100,0,7,26,300,,,,,
69,0,100,0,7,26,400,,,,,
69,0,100,0,7,26,500,,,,,
69,0,100,0,7,26,600,,,,,
69,0,100,0,7,26,700,,,,,
69,0,100,0,7,26,800,,,,,
69,0,100,0,7,26,900,,,,,
69,0,100,0,7,27,0,,,,,
69,0,100,0,7,27,100,,,,,
69,0,100,0,7,27,200,,,,,
69,0,100,0,7,27,300,,,,,
69,0,100,0,7,27,400,,,,,
69,0,100,0,7,27,500,,,,,
69,0,100,0,7,27,600,,,,,
69,0,100,0,7,27,700,,,,,
69,0,100,0,7,27,800,,,,,
69,0,100,0,7,27,900,,,,,
69,0,100,0,7,28,0,,,,,
69,0,100,0,7,28,100,,,,,
69,0,100,0,7,28,200,,,,,
69,0,100,0,7,28,300,,,,,
69,0,100,0,7,28,400,,,,,
69,0,100,0,7,28,500,,,,,
69,0,100,0,7,28,600,,,,,
69,0,100,0,7,28,700,,,,,
69,0,100,0,7,28,800,,,,,
69,0,100,0,7,28,900,,,,,
69,0,100,0,7,29,0,,,,,
69,0,100,0,7,29,100,,,,,
69,0,100,0,7,29,200,,,,,
69,0,100,0,7,29,300,,,,,
69,0,100,0,7,29,400,,,,,
69,0,100,0,7,29,500,,,,,
69,0,100,0,7,29,600,,,,,
69,0,100,0,7,29,700,,,,,
69,0,100,0,7,29,800,,,,,
69,0,100,0,7,29,900,,,,,
69,0,100,0,7,30,0,,,,,
69,0,100,0,7,30,100,,,,,
69,0,100,0,7,30,200,,,,,
69,0,100,0,7,30,300,,,,,
69,0,100,0,7,30,400,,,,,
69,0,100,0,7,30,500,,,,,
69,0,100,0,7,30,600,,,,,
69,0,100,0,7,30,700,,,,,
69,0,100,0,7,30,800,,,,,
69,0,100,0,7,30,900,,,,,
69,0,100,0,7,31,0,,,,,
69,0,100,0,7,31,100,,,,,
69,0,100,0,7,31,200,,,,,
69,0,100,0,7,31,300,,,,,
69,0,100,0,7,31,400,,,,,
69,0,100,0,7,31,500,,,,,
69,0,100,0,7,31,600,,,,,
69,0,100,0,7,31,700,,,,,
69,0,100,0,7,31,800,,,,,
69,0,100,0,7,31,900,,,,,
69,0,100,0,7,32,0,,,,,
69,0,100,0,7,32,100,,,,,
69,0,100,0,7,32,200,,,,,
69,0,100,0,7,32,300,,,,,
69,0,100,0,7,32,400,,,,,
69,0,100,0,7,32,500,,,,,
69,0,100,0,7,32,600,,,,,
69,0,100,0,7,32,700,,,,,
69,0,100,0,7,32,800,,,,,
69,0,100,0,7,32,900,,,,,
69,0,97,0,7,33,0,,,,,
69,0,97,0,7,33,100,,,,,
69,0,97,0,7,33,200,,,,,
69,0,97,0,7,33,300,,,,,
69,0,97,0,7,33,400,,,,,
69,0,97,0,7,33,500,,,,,
69,0,97,0,7,33,600,,,,,
69,0,97,0,7,33,700,,,,,
69,0,97,0,7,33,800,,,,,
69,0,97,0,7,33,900,,,,,
69,0,97,0,7,34,0,,,,,
69,0,97,0,7,34,100,,,,,
69,0,97,0,7,34,200,,,,,
69,0,97,0,7,34,300,,,,,
69,0,97,0,7,34,400,,,,,
69,0,97,0,7,34,500,,,,,
69,0,97,0,7,34,600,,,,,
69,0,97,0,7,34,700,,,,,
69,0,97,0,7,34,800,,,,,
69,0,97,0,7,34,900,,,,,
69,0,97,0,7,35,0,,,,,
69,0,97,0,7,35,100,,,,,
69,0,97,0,7,35,200,,,,,
69,0,97,0,7,35,300,,,,,
69,0,97,0,7,35,400,,,,,
69,0,97,0,7,35,500,,,,,
69,0,97,0,7,35,600,,,,,
69,0,97,0,7,35,700,,,,,
69,0,97,0,7,35,800,,,,,
69,0,97,0,7,35,900,,,,,
69,0,97,0,7,36,0,,,,,
69,0,97,0,7,36,100,,,,,
69,0,97,0,7,36,200,,,,,
69,0,97,0,7,36,300,,,,,
69,0,97,0,7,36,400,,,,,
69,0,97,0,7,36,500,,,,,
69,0,97,0,7,36,600,,,,,
69,0,97,0,7,36,700,,,,,
69,0,97,0,7,36,800,,,,,
69,0,97,0,7,36,900,,,,,
69,0,97,0,7,37,0,,,,,
69,0,97,0,7,37,100,,,,,
69,0,97,0,7,37,200,,,,,
69,0,97,0,7,37,300,,,,,
69,0,97,0,7,37,400,,,,,
69,0,97,0,7,37,500,,,,,
69,0,97,0,7,37,600,,,,,
69,0,97,0,7,37,700,,,,,
69,0,97,0,7,37,800,,,,,
69,0,97,0,7,37,900,,,,,
69,0,96,0,7,38,0,,,,,
69,0,96,0,7,38,100,,,,,
69,0,96,0,7,38,200,,,,,
69,0,96,0,7,38,300,,,,,
69,0,96,0,7,38,400,,,,,
69,0,96,0,7,38,500,,,,,
69,0,96,0,7,38,600,,,,,
69,0,96,0,7,38,700,,,,,
69,0,96,0,7,38,800,,,,,
69,0,96,0,7,38,900,,,,,
69,0,96,0,7,39,0,,,,,
69,0,96,0,7,39,100,,,,,
69,0,96,0,7,39,200,,,,,
69,0,96,0,7,39,300,,,,,
69,0,96,0,7,39,400,,,,,
69,0,96,0,7,39,500,,,,,
69,0,96,0,7,39,600,,,,,
69,0,96,0,7,39,700,,,,,
69,0,96,0,7,39,800,,,,,
69,0,96,0,7,39,900,,,,,
69,0,96,0,7,40,0,,,,,
69,0,96,0,7,40,100,,,,,
69,0,96,0,7,40,200,,,,,
69,0,96,0,7,40,300,,,,,
69,0,96,0,7,40,400,,,,,
69,0,96,0,7,40,500,,,,,
69,0,96,0,7,40,600,,,,,
69,0,96,0,7,40,700,,,,,
69,0,96,0,7,40,800,,,,,
69,0,96,0,7,40,900,,,,,
69,0,96,0,7,41,0,,,,,
69,0,96,0,7,41,100,,,,,
69,0,96,0,7,41,200,,,,,
69,0,96,0,7,41,300,,,,,
69,0,96,0,7,41,400,,,,,
69,0,96,0,7,41,500,,,,,
69,0,96,0,7,41,600,,,,,
69,0,96,0,7,41,700,,,,,
69,0,96,0,7,41,800,,,,,
69,0,96,0,7,41,900,,,,,
69,0,96,0,7,42,0,,,,,
69,0,96,0,7,42,100,,,,,
69,0,96,0,7,42,200,,,,,
69,0,96,0,7,42,300,,,,,
69,0,96,0,7,42,400,,,,,
69,0,96,0,7,42,500,,,,,
69,0,96,0,7,42,600,,,,,
69,0,96,0,7,42,700,,,,,
69,0,96,0,7,42,800,,,,,
69,0,96,0,7,42,900,,,,,
69,0,96,0,7,43,0,,,,,
69,0,96,0,7,43,100,,,,,
69,0,96,0,7,43,200,,,,,
69,0,96,0,7,43,300,,,,,
69,0,96,0,7,43,400,,,,,
69,0,96,0,7,43,500,,,,,
69,0,96,0,7,43,600,,,,,
69,0,96,0,7,43,700,,,,,
69,0,96,0,7,43,800,,,,,
69,0,96,0,7,43,900,,,,,
69,0,96,0,7,44,0,,,,,
69,0,96,0,7,44,100,,,,,
69,0,96,0,7,44,200,,,,,
69,0,96,0,7,44,300,,,,,
69,0,96,0,7,44,400,,,,,
69,0,96,0,7,44,500,,,,,
69,0,96,0,7,44,600,,,,,
69,0,96,0,7,44,700,,,,,
69,0,96,0,7,44,800,,,,,
69,0,96,0,7,44,900,,,,,
69,0,96,0,7,45,0,,,,,
69,0,96,0,7,45,100,,,,,
69,0,96,0,7,45,200,,,,,
69,0,96,0,7,45,300,,,,,
69,0,96,0,7,45,400,,,,,
69,0,96,0,7,45,500,,,,,
69,0,96,0,7,45,600,,,,,
69,0,96,0,7,45,700,,,,,
69,0,96,0,7,45,800,,,,,
69,0,96,0,7,45,900,,,,,
69,0,96,0,7,46,0,,,,,
69,0,96,0,7,46,100,,,,,
69,0,96,0,7,46,200,,,,,
69,0,96,0,7,46,300,,,,,
69,0,96,0,7,46,400,,,,,
69,0,96,0,7,46,500,,,,,
69,0,96,0,7,46,600,,,,,
69,0,96,0,7,46,700,,,,,
69,0,96,0,7,46,800,,,,,
69,0,96,0,7,46,900,,,,,
69,0,96,0,7,47,0,,,,,
69,0,96,0,7,47,100,,,,,
69,0,96,0,7,47,200,,,,,
69,0,96,0,7,47,300,,,,,
69,0,96,0,7,47,400,,,,,
69,0,96,0,7,47,500,,,,,
69,0,96,0,7,47,600,,,,,
69,0,96,0,7,47,700,,,,,
69,0,96,0,7,47,800,,,,,
69,0,96,0,7,47,900,,,,,
69,0,96,0,7,48,0,,,,,
69,0,96,0,7,48,100,,,,,
69,0,96,0,7,48,200,,,,,
69,0,96,0,7,48,300,,,,,
69,0,96,0,7,48,400,,,,,
69,0,96,0,7,48,500,,,,,
69,0,96,0,7,48,600,,,,,
69,0,96,0,7,48,700,,,,,
69,0,96,0,7,48,800,,,,,
69,0,96,0,7,48,900,,,,,
69,0,96,0,7,49,0,,,,,
69,0,96,0,7,49,100,,,,,
69,0,96,0,7,49,200,,,,,
69,0,96,0,7,49,300,,,,,
69,0,96,0,7,49,400,,,,,
69,0,96,0,7,49,500,,,,,
69,0,96,0,7,49,600,,,,,
69,0,96,0,7,49,700,,,,,
69,0,96,0,7,49,800,,,,,
69,0,96,0,7,49,900,,,,,
69,0,96,0,7,50,0,,,,,
69,0,96,0,7,50,100,,,,,
69,0,96,0,7,50,200,,,,,
69,0,96,0,7,50,300,,,,,
69,0,96,0,7,50,400,,,,,
69,0,96,0,7,50,500,,,,,
69,0,96,0,7,50,600,,,,,
69,0,96,0,7,50,700,,,,,
69,0,96,0,7,50,800,,,,,
69,0,96,0,7,50,900,,,,,
69,0,96,0,7,51,0,,,,,
69,0,96,0,7,51,100,,,,,
69,0,96,0,7,51,200,,,,,
69,0,96,0,7,51,300,,,,,
69,0,96,0,7,51,400,,,,,
69,0,96,0,7,51,500,,,,,
69,0,96,0,7,51,600,,,,,
69,0,96,0,7,51,700,,,,,
69,0,96,0,7,51,800,,,,,
69,0,96,0,7,51,900,,,,,
69,0,96,0,7,52,0,,,,,
69,0,96,0,7,52,100,,,,,
69,0,96,0,7,52,200,,,,,
69,0,96,0,7,52,300,,,,,
69,0,96,0,7,52,400,,,,,
69,0,96,0,7,52,500,,,,,
69,0,96,0,7,52,600,,,,,
69,0,96,0,7,52,700,,,,,
69,0,96,0,7,52,800,,,,,
69,0,96,0,7,52,900,,,,,
69,0,96,0,7,53,0,,,,,
69,0,96,0,7,53,100,,,,,
69,0,96,0,7,53,200,,,,,
69,0,96,0,7,53,300,,,,,
69,0,96,0,7,53,400,,,,,
69,0,96,0,7,53,500,,,,,
69,0,96,0,7,53,600,,,,,
69,0,96,0,7,53,700,,,,,
69,0,96,0,7,53,800,,,,,
69,0,96,0,7,53,900,,,,,
69,0,96,0,7,54,0,,,,,
69,0,96,0,7,54,100,,,,,
69,0,96,0,7,54,200,,,,,
69,0,96,0,7,54,300,,,,,
69,0,96,0,7,54,400,,,,,
69,0,96,0,7,54,500,,,,,
69,0,96,0,7,54,600,,,,,
69,0,96,0,7,54,700,,,,,
69,0,96,0,7,54,800,,,,,
69,0,96,0,7,54,900,,,,,
69,0,96,0,7,55,0,,,,,
69,0,96,0,7,55,100,,,,,
69,0,96,0,7,55,200,,,,,
69,0,96,0,7,55,300,,,,,
69,0,96,0,7,55,400,,,,,
69,0,96,0,7,55,500,,,,,
69,0,96,0,7,55,600,,,,,
69,0,96,0,7,55,700,,,,,
69,0,96,0,7,55,800,,,,,
69,0,96,0,7,55,900,,,,,
69,0,96,0,7,56,0,,,,,
69,0,96,0,7,56,100,,,,,
69,0,96,0,7,56,200,,,,,
69,0,96,0,7,56,300,,,,,
69,0,96,0,7,56,400,,,,,
69,0,96,0,7,56,500,,,,,
69,0,96,0,7,56,600,,,,,
69,0,96,0,7,56,700,,,,,
69,0,96,0,7,56,800,,,,,
69,0,96,0,7,56,900,,,,,
69,0,96,0,7,57,0,,,,,
69,0,96,0,7,57,100,,,,,
69,0,96,0,7,57,200,,,,,
69,0,96,0,7,57,300,,,,,
69,0,96,0,7,57,400,,,,,
69,0,96,0,7,57,500,,,,,
69,0,96,0,7,57,600,,,,,
69,0,96,0,7,57,700,,,,,
69,0,96,0,7,57,800,,,,,
69,0,96,0,7,57,900,,,,,
69,0,96,0,7,58,0,,,,,
69,0,96,0,7,58,100,,,,,
69,0,96,0,7,58,200,,,,,
69,0,96,0,7,58,300,,,,,
69,0,96,0,7,58,400,,,,,
69,0,96,0,7,58,500,,,,,
69,0,96,0,7,58,600,,,,,
69,0,96,0,7,58,700,,,,,
69,0,96,0,7,58,800,,,,,
69,0,96,0,7,58,900,,,,,
69,0,96,0,7,59,0,,,,,
69,0,96,0,7,59,100,,,,,
69,0,96,0,7,59,200,,,,,
69,0,96,0,7,59,300,,,,,
69,0,96,0,7,59,400,,,,,
69,0,96,0,7,59,500,,,,,
69,0,96,0,7,59,600,,,,,
69,0,96,0,7,59,700,,,,,
69,0,96,0,7,59,800,,,,,
69,0,96,0,7,59,900,,,,,
69,0,96,0,8,0,0,,,,,
69,0,96,0,8,0,100,,,,,
69,0,96,0,8,0,200,,,,,
69,0,96,0,8,0,300,,,,,
69,0,96,0,8,0,400,,,,,
69,0,96,0,8,0,500,,,,,
69,0,96,0,8,0,600,,,,,
69,0,96,0,8,0,700,,,,,
69,0,96,0,8,0,800,,,,,
69,0,96,0,8,0,900,,,,,
69,0,96,0,8,1,0,,,,,
69,0,96,0,8,1,100,,,,,
69,0,96,0,8,1,200,,,,,
69,0,96,0,8,1,300,,,,,
69,0,96,0,8,1,400,,,,,
69,0,96,0,8,1,500,,,,,
69,0,96,0,8,1,600,,,,,
69,0,96,0,8,1,700,,,,,
69,0,96,0,8,1,800,,,,,
69,0,96,0,8,1,900,,,,,
69,0,96,0,8,2,0,,,,,
69,0,96,0,8,2,100,,,,,
69,0,96,0,8,2,200,,,,,
69,0,96,0,8,2,300,,,,,
69,0,96,0,8,2,400,,,,,
69,0,96,0,8,2,500,,,,,
69,0,96,0,8,2,600,,,,,
69,0,96,0,8,2,700,,,,,
69,0,96,0,8,2,800,,,,,
69,0,96,0,8,2,900,,,,,
67,0,96,0,8,3,0,,,,,
65,0,96,0,8,3,100,,,,,
63,0,96,0,8,3,200,,,,,
61,0,96,0,8,3,300,,,,,
59,0,96,0,8,3,400,,,,,
57,0,96,0,8,3,500,,,,,
55,0,96,0,8,3,600,,,,,
53,0,96,0,8,3,700,,,,,
51,0,96,0,8,3,800,,,,,
50,0,96,0,8,3,900,,,,,
50,0,96,0,8,4,0,,,,,
50,0,96,0,8,4,100,,,,,
50,0,96,0,8,4,200,,,,,
50,0,96,0,8,4,300,,,,,
50,0,96,0,8,4,400,,,,,
50,0,96,0,8,4,500,,,,,
50,0,96,0,8,4,600,,,,,
50,0,96,0,8,4,700,,,,,
50,0,96,0,8,4,800,,,,,
50,0,96,0,8,4,900,,,,,
50,0,96,0,8,5,0,,,,,
50,0,96,0,8,5,100,,,,,
50,0,96,0,8,5,200,,,,,
50,0,96,0,8,5,300,,,,,
50,0,96,0,8,5,400,,,,,
50,0,96,0,8,5,500,,,,,
50,0,96,0,8,5,600,,,,,
50,0,96,0,8,5,700,,,,,
50,0,96,0,8,5,800,,,,,
50,0,96,0,8,5,900,,,,,
50,0,96,0,8,6,0,,,,,
50,0,96,0,8,6,100,,,,,
50,0,96,0,8,6,200,,,,,
50,0,96,0,8,6,300,,,,,
50,0,96,0,8,6,400,,,,,
50,0,96,0,8,6,500,,,,,
50,0,96,0,8,6,600,,,,,
50,0,96,0,8,6,700,,,,,
50,0,96,0,8,6,800,,,,,
50,0,96,0,8,6,900,,,,,
50,0,96,0,8,7,0,,,,,
50,0,96,0,8,7,100,,,,,
50,0,96,0,8,7,200,,,,,
50,0,96,0,8,7,300,,,,,
50,0,96,0,8,7,400,,,,,
50,0,96,0,8,7,500,,,,,
50,0,96,0,8,7,600,,,,,
50,0,96,0,8,7,700,,,,,
50,0,96,0,8,7,800,,,,,
50,0,96,0,8,7,900,,,,,
50,0,96,0,8,8,0,,,,,
50,0,96,0,8,8,100,,,,,
50,0,96,0,8,8,200,,,,,
50,0,96,0,8,8,300,,,,,
50,0,96,0,8,8,400,,,,,
50,0,96,0,8,8,500,,,,,
50,0,96,0,8,8,600,,,,,
50,0,96,0,8,8,700,,,,,
50,0,96,0,8,8,800,,,,,
50,0,96,0,8,8,900,,,,,
50,0,96,0,8,9,0,,,,,
50,0,96,0,8,9,100,,,,,
50,0,96,0,8,9,200,,,,,
50,0,96,0,8,9,300,,,,,
50,0,96,0,8,9,400,,,,,
50,0,96,0,8,9,500,,,,,
50,0,96,0,8,9,600,,,,,
50,0,96,0,8,9,700,,,,,
50,0,96,0,8,9,800,,,,,
50,0,96,0,8,9,900,,,,,
50,0,96,0,8,10,0,,,,,
50,0,96,0,8,10,100,,,,,
50,0,96,0,8,10,200,,,,,
50,0,96,0,8,10,300,,,,,
50,0,96,0,8,10,400,,,,,
50,0,96,0,8,10,500,,,,,
50,0,96,0,8,10,600,,,,,
50,0,96,0,8,10,700,,,,,
50,0,96,0,8,10,800,,,,,
50,0,96,0,8,10,900,,,,,
50,0,96,0,8,11,0,,,,,
50,0,96,0,8,11,100,,,,,
50,0,96,0,8,11,200,,,,,
50,0,96,0,8,11,300,,,,,
50,0,96,0,8,11,400,,,,,
50,0,96,0,8,11,500,,,,,
50,0,96,0,8,11,600,,,,,
50,0,96,0,8,11,700,,,,,
50,0,96,0,8,11,800,,,,,
50,0,96,0,8,11,900,,,,,
50,0,96,0,8,12,0,,,,,
50,0,96,0,8,12,100,,,,,
50,0,96,0,8,12,200,,,,,
50,0,96,0,8,12,300,,,,,
50,0,96,0,8,12,400,,,,,
50,0,96,0,8,12,500,,,,,
50,0,96,0,8,12,600,,,,,
50,0,96,0,8,12,700,,,,,
50,0,96,0,8,12,800,,,,,
50,0,96,0,8,12,900,,,,,
50,0,96,0,8,13,0,,,,,
50,0,96,0,8,13,100,,,,,
50,0,96,0,8,13,200,,,,,
50,0,96,0,8,13,300,,,,,
50,0,96,0,8,13,400,,,,,
50,0,96,0,8,13,500,,,,,
50,0,96,0,8,13,600,,,,,
50,0,96,0,8,13,700,,,,,
50,0,96,0,8,13,800,,,,,
50,0,96,0,8,13,900,,,,,
50,0,96,0,8,14,0,,,,,
50,0,96,0,8,14,100,,,,,
50,0,96,0,8,14,200,,,,,
50,0,96,0,8,14,300,,,,,
50,0,96,0,8,14,400,,,,,
50,0,96,0,8,14,500,,,,,
50,0,96,0,8,14,600,,,,,
50,0,96,0,8,14,700,,,,,
50,0,96,0,8,14,800,,,,,
50,0,96,0,8,14,900,,,,,
50,0,96,0,8,15,0,,,,,
50,0,96,0,8,15,100,,,,,
50,0,96,0,8,15,200,,,,,
50,0,96,0,8,15,300,,,,,
50,0,96,0,8,15,400,,,,,
50,0,96,0,8,15,500,,,,,
50,0,96,0,8,15,600,,,,,
50,0,96,0,8,15,700,,,,,
50,0,96,0,8,15,800,,,,,
50,0,96,0,8,15,900,,,,,
50,0,96,0,8,16,0,,,,,
50,0,96,0,8,16,100,,,,,
50,0,96,0,8,16,200,,,,,
50,0,96,0,8,16,300,,,,,
50,0,96,0,8,16,400,,,,,
50,0,96,0,8,16,500,,,,,
50,0,96,0,8,16,600,,,,,
50,0,96,0,8,16,700,,,,,
50,0,96,0,8,16,800,,,,,
50,0,96,0,8,16,900,,,,,
50,0,96,0,8,17,0,,,,,
50,0,96,0,8,17,100,,,,,
50,0,96,0,8,17,200,,,,,
50,0,96,0,8,17,300,,,,,
50,0,96,0,8,17,400,,,,,
50,0,96,0,8,17,500,,,,,
50,0,96,0,8,17,600,,,,,
50,0,96,0,8,17,700,,,,,
50,0,96,0,8,17,800,,,,,
50,0,96,0,8,17,900,,,,,
50,0,96,0,8,18,0,,,,,
50,0,96,0,8,18,100,,,,,
50,0,96,0,8,18,200,,,,,
50,0,96,0,8,18,300,,,,,
50,0,96,0,8,18,400,,,,,
50,0,96,0,8,18,500,,,,,
50,0,96,0,8,18,600,,,,,
50,0,96,0,8,18,700,,,,,
50,0,96,0,8,18,800,,,,,
50,0,96,0,8,18,900,,,,,
50,0,96,0,8,19,0,,,,,
50,0,96,0,8,19,100,,,,,
50,0,96,0,8,19,200,,,,,
50,0,96,0,8,19,300,,,,,
50,0,96,0,8,19,400,,,,,
50,0,96,0,8,19,500,,,,,
50,0,96,0,8,19,600,,,,,
50,0,96,0,8,19,700,,,,,
50,0,96,0,8,19,800,,,,,
50,0,96,0,8,19,900,,,,,
50,0,96,0,8,20,0,,,,,
50,0,96,0,8,20,100,,,,,
50,0,96,0,8,20,200,,,,,
50,0,96,0,8,20,300,,,,,
50,0,96,0,8,20,400,,,,,
50,0,96,0,8,20,500,,,,,
50,0,96,0,8,20,600,,,,,
50,0,96,0,8,20,700,,,,,
50,0,96,0,8,20,800,,,,,
50,0,96,0,8,20,900,,,,,
50,0,96,0,8,21,0,,,,,
50,0,96,0,8,21,100,,,,,
50,0,96,0,8,21,200,,,,,
50,0,96,0,8,21,300,,,,,
50,0,96,0,8,21,400,,,,,
50,0,96,0,8,21,500,,,,,
50,0,96,0,8,21,600,,,,,
50,0,96,0,8,21,700,,,,,
50,0,96,0,8,21,800,,,,,
50,0,96,0,8,21,900,,,,,
50,0,96,0,8,22,0,,,,,
50,0,96,0,8,22,100,,,,,
50,0,96,0,8,22,200,,,,,
50,0,96,0,8,22,300,,,,,
50,0,96,0,8,22,400,,,,,
50,0,96,0,8,22,500,,,,,
50,0,96,0,8,22,600,,,,,
50,0,96,0,8,22,700,,,,,
50,0,96,0,8,22,800,,,,,
50,0,96,0,8,22,900,,,,,
50,0,96,0,8,23,0,,,,,
50,0,96,0,8,23,100,,,,,
50,0,96,0,8,23,200,,,,,
50,0,96,0,8,23,300,,,,,
50,0,96,0,8,23,400,,,,,
50,0,96,0,8,23,500,,,,,
50,0,96,0,8,23,600,,,,,
50,0,96,0,8,23,700,,,,,
50,0,96,0,8,23,800,,,,,
50,0,96,0,8,23,900,,,,,
50,0,96,0,8,24,0,,,,,
50,0,96,0,8,24,100,,,,,
50,0,96,0,8,24,200,,,,,
50,0,96,0,8,24,300,,,,,
50,0,96,0,8,24,400,,,,,
50,0,96,0,8,24,500,,,,,
50,0,96,0,8,24,600,,,,,
50,0,96,0,8,24,700,,,,,
50,0,96,0,8,24,800,,,,,
50,0,96,0,8,24,900,,,,,
50,0,96,0,8,25,0,,,,,
50,0,96,0,8,25,100,,,,,
50,0,96,0,8,25,200,,,,,
50,0,96,0,8,25,300,,,,,
50,0,96,0,8,25,400,,,,,
50,0,96,0,8,25,500,,,,,
50,0,96,0,8,25,600,,,,,
50,0,96,0,8,25,700,,,,,
50,0,96,0,8,25,800,,,,,
50,0,96,0,8,25,900,,,,,
50,0,96,0,8,26,0,,,,,
50,0,96,0,8,26,100,,,,,
50,0,96,0,8,26,200,,,,,
50,0,96,0,8,26,300,,,,,
50,0,96,0,8,26,400,,,,,
50,0,96,0,8,26,500,,,,,
50,0,96,0,8,26,600,,,,,
50,0,96,0,8,26,700,,,,,
50,0,96,0,8,26,800,,,,,
50,0,96,0,8,26,900,,,,,
50,0,96,0,8,27,0,,,,,
50,0,96,0,8,27,100,,,,,
50,0,96,0,8,27,200,,,,,
50,0,96,0,8,27,300,,,,,
50,0,96,0,8,27,400,,,,,
50,0,96,0,8,27,500,,,,,
50,0,96,0,8,27,600,,,,,
50,0,96,0,8,27,700,,,,,
50,0,96,0,8,27,800,,,,,
50,0,96,0,8,27,900,,,,,
50,0,96,0,8,28,0,,,,,
50,0,96,0,8,28,100,,,,,
50,0,96,0,8,28,200,,,,,
50,0,96,0,8,28,300,,,,,
50,0,96,0,8,28,400,,,,,
50,0,96,0,8,28,500,,,,,
50,0,96,0,8,28,600,,,,,
50,0,96,0,8,28,700,,,,,
50,0,96,0,8,28,800,,,,,
50,0,96,0,8,28,900,,,,,
50,0,96,0,8,29,0,,,,,
50,0,96,0,8,29,100,,,,,
50,0,96,0,8,29,200,,,,,
50,0,96,0,8,29,300,,,,,
50,0,96,0,8,29,400,,,,,
50,0,96,0,8,29,500,,,,,
50,0,96,0,8,29,600,,,,,
50,0,96,0,8,29,700,,,,,
50,0,96,0,8,29,800,,,,,
50,0,96,0,8,29,900,,,,,
50,0,96,0,8,30,0,,,,,
50,0,96,0,8,30,100,,,,,
50,0,96,0,8,30,200,,,,,
50,0,96,0,8,30,300,,,,,
50,0,96,0,8,30,400,,,,,
50,0,96,0,8,30,500,,,,,
50,0,96,0,8,30,600,,,,,
50,0,96,0,8,30,700,,,,,
50,0,96,0,8,30,800,,,,,
50,0,96,0,8,30,900,,,,,
50,0,96,0,8,31,0,,,,,
50,0,96,0,8,31,100,,,,,
50,0,96,0,8,31,200,,,,,
50,0,96,0,8,31,300,,,,,
50,0,96,0,8,31,400,,,,,
50,0,96,0,8,31,500,,,,,
50,0,96,0,8,31,600,,,,,
50,0,96,0,8,31,700,,,,,
50,0,96,0,8,31,800,,,,,
50,0,96,0,8,31,900,,,,,
50,0,96,0,8,32,0,,,,,
50,0,96,0,8,32,100,,,,,
50,0,96,0,8,32,200,,,,,
50,0,96,0,8,32,300,,,,,
50,0,96,0,8,32,400,,,,,
50,0,96,0,8,32,500,,,,,
50,0,96,0,8,32,600,,,,,
50,0,96,0,8,32,700,,,,,
50,0,96,0,8,32,800,,,,,
50,0,96,0,8,32,900,,,,,
50,0,96,0,8,33,0,,,,,
50,0,96,0,8,33,100,,,,,
50,0,96,0,8,33,200,,,,,
50,0,96,0,8,33,300,,,,,
50,0,96,0,8,33,400,,,,,
50,0,96,0,8,33,500,,,,,
50,0,96,0,8,33,600,,,,,
50,0,96,0,8,33,700,,,,,
50,0,96,0,8,33,800,,,,,
50,0,96,0,8,33,900,,,,,
50,0,96,0,8,34,0,,,,,
50,0,96,0,8,34,100,,,,,
50,0,96,0,8,34,200,,,,,
50,0,96,0,8,34,300,,,,,
50,0,96,0,8,34,400,,,,,
50,0,96,0,8,34,500,,,,,
50,0,96,0,8,34,600,,,,,
50,0,96,0,8,34,700,,,,,
50,0,96,0,8,34,800,,,,,
50,0,96,0,8,34,900,,,,,
50,0,96,0,8,35,0,,,,,
50,0,96,0,8,35,100,,,,,
50,0,96,0,8,35,200,,,,,
50,0,96,0,8,35,300,,,,,
50,0,96,0,8,35,400,,,,,
50,0,96,0,8,35,500,,,,,
50,0,96,0,8,35,600,,,,,
50,0,96,0,8,35,700,,,,,
50,0,96,0,8,35,800,,,,,
50,0,96,0,8,35,900,,,,,
50,0,96,0,8,36,0,,,,,
50,0,96,0,8,36,100,,,,,
50,0,96,0,8,36,200,,,,,
50,0,96,0,8,36,300,,,,,
50,0,96,0,8,36,400,,,,,
50,0,96,0,8,36,500,,,,,
50,0,96,0,8,36,600,,,,,
50,0,96,0,8,36,700,,,,,
50,0,96,0,8,36,800,,,,,
50,0,96,0,8,36,900,,,,,
50,0,96,0,8,37,0,,,,,
50,0,96,0,8,37,100,,,,,
50,0,96,0,8,37,200,,,,,
50,0,96,0,8,37,300,,,,,
50,0,96,0,8,37,400,,,,,
50,0,96,0,8,37,500,,,,,
50,0,96,0,8,37,600,,,,,
50,0,96,0,8,37,700,,,,,
50,0,96,0,8,37,800,,,,,
50,0,96,0,8,37,900,,,,,
50,1,96,0,8,38,0,,,,,
50,4,96,0,8,38,100,,,,,
50,7,96,0,8,38,200,,,,,
50,10,96,0,8,38,300,,,,,
48,13,96,0,8,38,400,,,,,
46,16,96,0,8,38,500,,,,,
44,19,96,0,8,38,600,,,,,
42,22,96,0,8,38,700,,,,,
40,25,96,0,8,38,800,,,,,
38,28,96,0,8,38,900,,,,,
36,31,96,0,8,39,0,,,,,
34,34,96,0,8,39,100,,,,,
32,37,96,0,8,39,200,,,,,
30,40,96,0,8,39,300,,,,,
28,43,96,0,8,39,400,,,,,
26,46,96,0,8,39,500,,,,,
24,49,96,0,8,39,600,,,,,
24,52,96,0,8,39,700,,,,,
24,55,96,0,8,39,800,,,,,
24,58,96,0,8,39,900,,,,,
24,61,96,0,8,40,0,,,,,
24,64,96,0,8,40,100,,,,,
24,67,96,0,8,40,200,,,,,
24,70,96,0,8,40,300,,,,,
24,73,96,0,8,40,400,,,,,
24,76,96,0,8,40,500,,,,,
24,79,96,0,8,40,600,,,,,
24,82,96,0,8,40,700,,,,,
24,85,96,0,8,40,800,,,,,
24,88,96,0,8,40,900,,,,,
24,91,96,0,8,41,0,,,,,
24,94,96,0,8,41,100,,,,,
24,97,96,0,8,41,200,,,,,
24,100,96,0,8,41,300,,,,,
24,103,96,0,8,41,400,,,,,
24,106,96,0,8,41,500,,,,,
24,109,96,0,8,41,600,,,,,
24,112,96,0,8,41,700,,,,,
24,115,96,0,8,41,800,,,,,
24,118,96,0,8,41,900,,,,,
24,121,96,0,8,42,0,,,,,
24,124,96,0,8,42,100,,,,,
24,127,96,0,8,42,200,,,,,
24,130,96,0,8,42,300,,,,,
24,133,96,0,8,42,400,,,,,
24,136,96,0,8,42,500,,,,,
24,139,96,0,8,42,600,,,,,
24,142,96,0,8,42,700,,,,,
24,145,96,0,8,42,800,,,,,
24,148,96,0,8,42,900,,,,,
24,151,96,0,8,43,0,,,,,
24,154,96,0,8,43,100,,,,,
24,157,96,0,8,43,200,,,,,
24,160,96,0,8,43,300,,,,,
24,163,96,0,8,43,400,,,,,
24,160,96,0,8,43,500,,,,,
24,157,96,0,8,43,600,,,,,
24,154,96,0,8,43,700,,,,,
24,151,96,0,8,43,800,,,,,
24,148,96,0,8,43,900,,,,,
24,145,96,0,8,44,0,,,,,
24,142,96,0,8,44,100,,,,,
24,139,96,0,8,44,200,,,,,
27,136,96,0,8,44,300,,,,,
30,133,96,0,8,44,400,,,,,
33,130,96,0,8,44,500,,,,,
36,127,96,0,8,44,600,,,,,
39,124,96,0,8,44,700,,,,,
42,121,96,0,8,44,800,,,,,
45,118,96,0,8,44,900,,,,,
48,115,96,0,8,45,0,,,,,
51,112,96,0,8,45,100,,,,,
54,109,96,0,8,45,200,,,,,
57,106,96,0,8,45,300,,,,,
60,103,96,0,8,45,400,,,,,
60,100,96,0,8,45,500,,,,,
60,97,96,0,8,45,600,,,,,
60,94,96,0,8,45,700,,,,,
60,91,96,0,8,45,800,,,,,
60,88,96,0,8,45,900,,,,,
60,85,96,0,8,46,0,,,,,
60,82,96,0,8,46,100,,,,,
60,79,96,0,8,46,200,,,,,
60,76,96,0,8,46,300,,,,,
60,73,96,0,8,46,400,,,,,
60,70,96,0,8,46,500,,,,,
60,67,96,0,8,46,600,,,,,
60,64,96,0,8,46,700,,,,,
60,61,96,0,8,46,800,,,,,
60,58,96,0,8,46,900,,,,,
60,55,96,0,8,47,0,,,,,
60,52,96,0,8,47,100,,,,,
60,49,96,0,8,47,200,,,,,
60,46,96,0,8,47,300,,,,,
60,43,96,0,8,47,400,,,,,
60,40,96,0,8,47,500,,,,,
60,37,96,0,8,47,600,,,,,
60,34,96,0,8,47,700,,,,,
60,31,96,0,8,47,800,,,,,
60,28,96,0,8,47,900,,,,,
60,25,96,0,8,48,0,,,,,
60,22,96,0,8,48,100,,,,,
60,19,96,0,8,48,200,,,,,
60,16,96,0,8,48,300,,,,,
60,13,96,0,8,48,400,,,,,
60,10,96,0,8,48,500,,,,,
60,7,96,0,8,48,600,,,,,
60,4,96,0,8,48,700,,,,,
60,1,96,0,8,48,800,,,,,
60,0,96,0,8,48,900,,,,,
60,0,96,0,8,49,0,,,,,
60,0,96,0,8,49,100,,,,,
60,0,96,0,8,49,200,,,,,
60,0,96,0,8,49,300,,,,,
60,0,106,0,8,49,400,,,,,
60,0,106,0,8,49,500,,,,,
60,0,106,0,8,49,600,,,,,
60,0,106,0,8,49,700,,,,,
60,0,106,0,8,49,800,,,,,
60,0,106,0,8,49,900,,,,,
60,0,106,0,8,50,0,,,,,
60,0,106,0,8,50,100,,,,,
60,0,106,0,8,50,200,,,,,
60,0,106,0,8,50,300,,,,,
60,0,106,0,8,50,400,,,,,
60,0,106,0,8,50,500,,,,,
60,0,106,0,8,50,600,,,,,
60,0,106,0,8,50,700,,,,,
60,0,106,0,8,50,800,,,,,
60,0,106,0,8,50,900,,,,,
60,0,106,0,8,51,0,,,,,
60,0,103,0,8,51,100,,,,,
60,0,103,0,8,51,200,,,,,
60,0,103,0,8,51,300,,,,,
60,0,103,0,8,51,400,,,,,
60,0,103,0,8,51,500,,,,,
60,0,103,0,8,51,600,,,,,
60,0,103,0,8,51,700,,,,,
60,0,103,0,8,51,800,,,,,
60,0,103,0,8,51,900,,,,,
60,0,103,0,8,52,0,,,,,
60,0,103,0,8,52,100,,,,,
60,0,103,0,8,52,200,,,,,
60,0,103,0,8,52,300,,,,,
60,0,103,0,8,52,400,,,,,
60,0,103,0,8,52,500,,,,,
60,0,103,0,8,52,600,,,,,
60,0,103,0,8,52,700,,,,,
60,0,103,0,8,52,800,,,,,
60,0,103,0,8,52,900,,,,,
60,0,103,0,8,53,0,,,,,
60,0,103,0,8,53,100,,,,,
60,0,103,0,8,53,200,,,,,
60,0,103,0,8,53,300,,,,,
60,0,103,0,8,53,400,,,,,
60,0,103,0,8,53,500,,,,,
60,0,103,0,8,53,600,,,,,
60,0,103,0,8,53,700,,,,,
60,0,103,0,8,53,800,,,,,
60,0,103,0,8,53,900,,,,,
60,0,103,0,8,54,0,,,,,
60,0,103,0,8,54,100,,,,,
60,0,103,0,8,54,200,,,,,
60,0,103,0,8,54,300,,,,,
60,0,103,0,8,54,400,,,,,
60,0,103,0,8,54,500,,,,,
60,0,103,0,8,54,600,,,,,
60,0,103,0,8,54,700,,,,,
60,0,103,0,8,54,800,,,,,
60,0,103,0,8,54,900,,,,,
60,0,103,0,8,55,0,,,,,
60,0,103,0,8,55,100,,,,,
60,0,103,0,8,55,200,,,,,
60,0,103,0,8,55,300,,,,,
60,0,103,0,8,55,400,,,,,
60,0,103,0,8,55,500,,,,,
60,0,103,0,8,55,600,,,,,
60,0,103,0,8,55,700,,,,,
60,0,103,0,8,55,800,,,,,
60,0,103,0,8,55,900,,,,,
60,0,103,0,8,56,0,,,,,
60,0,103,0,8,56,100,,,,,
60,0,103,0,8,56,200,,,,,
60,0,103,0,8,56,300,,,,,
60,0,103,0,8,56,400,,,,,
60,0,103,0,8,56,500,,,,,
60,0,103,0,8,56,600,,,,,
60,0,103,0,8,56,700,,,,,
60,0,103,0,8,56,800,,,,,
60,0,103,0,8,56,900,,,,,
60,0,103,0,8,57,0,,,,,
60,0,103,0,8,57,100,,,,,
60,0,103,0,8,57,200,,,,,
60,0,103,0,8,57,300,,,,,
60,0,103,0,8,57,400,,,,,
60,0,103,0,8,57,500,,,,,
60,0,103,0,8,57,600,,,,,
60,0,103,0,8,57,700,,,,,
60,0,103,0,8,57,800,,,,,
60,0,103,0,8,57,900,,,,,
60,0,103,0,8,58,0,,,,,
60,0,103,0,8,58,100,,,,,
60,0,103,0,8,58,200,,,,,
60,0,103,0,8,58,300,,,,,
60,0,103,0,8,58,400,,,,,
60,0,103,0,8,58,500,,,,,
60,0,103,0,8,58,600,,,,,
60,0,103,0,8,58,700,,,,,
60,0,103,0,8,58,800,,,,,
60,0,103,0,8,58,900,,,,,
60,0,103,0,8,59,0,,,,,
60,0,103,0,8,59,100,,,,,
60,0,103,0,8,59,200,,,,,
60,0,103,0,8,59,300,,,,,
60,0,103,0,8,59,400,,,,,
60,0,103,0,8,59,500,,,,,
60,0,103,0,8,59,600,,,,,
60,0,103,0,8,59,700,,,,,
60,0,103,0,8,59,800,,,,,
60,0,103,0,8,59,900,,,,,
